id,data_inversa,uf,br,municipio,causa_acidente,tipo_acidente,classificacao_acidente,fase_dia,condicao_metereologica,tipo_pista,uso_solo,tipo_veiculo,estado_fisico,idade,sexo
83321209,23/02/2015,RN,226,SANTA CRUZ,Outras,Capotamento,Com Vítimas Feridas,Pleno dia,Chuva,Simples ,Rural ,Automóvel,Ferido Leve ,27.0,Feminino
83321220,14/02/2015,RN,406,JANDAIRA,Outras,Saída de Pista,Com Vítimas Feridas,Anoitecer,Ceu Claro,Simples ,Rural ,Automóvel,Ferido Leve ,31.0,Masculino
83321220,14/02/2015,RN,406,JANDAIRA,Outras,Saída de Pista,Com Vítimas Feridas,Anoitecer,Ceu Claro,Simples ,Rural ,Automóvel,Ferido Leve ,27.0,Masculino
83321220,14/02/2015,RN,406,JANDAIRA,Outras,Saída de Pista,Com Vítimas Feridas,Anoitecer,Ceu Claro,Simples ,Rural ,Automóvel,Ferido Leve ,29.0,Feminino
83321220,14/02/2015,RN,406,JANDAIRA,Outras,Saída de Pista,Com Vítimas Feridas,Anoitecer,Ceu Claro,Simples ,Rural ,Automóvel,Ignorado    ,-1.0,Masculino
83321220,14/02/2015,RN,406,JANDAIRA,Outras,Saída de Pista,Com Vítimas Feridas,Anoitecer,Ceu Claro,Simples ,Rural ,Automóvel,Ferido Leve ,-1.0,Feminino
83321237,20/02/2015,RN,304,MOSSORO,Animais na Pista,Atropelamento de animal,Sem Vítimas        ,Plena noite,Ceu Claro,Simples ,Rural ,Caminhonete,Ileso       ,17.0,Masculino
83321274,24/02/2015,RN,226,NATAL,Desobediência à sinalização,Colisão frontal,Sem Vítimas        ,Pleno dia,Ceu Claro,Simples ,Urbano,Automóvel,Ileso       ,53.0,Masculino
83321274,24/02/2015,RN,226,NATAL,Desobediência à sinalização,Colisão frontal,Sem Vítimas        ,Pleno dia,Ceu Claro,Simples ,Urbano,Automóvel,Ileso       ,34.0,Masculino
83321337,24/02/2015,RN,304,MOSSORO,Desobediência à sinalização,Colisão Transversal,Sem Vítimas        ,Plena noite,Nublado,Dupla   ,Urbano,Automóvel,Ileso       ,34.0,Masculino
83321337,24/02/2015,RN,304,MOSSORO,Desobediência à sinalização,Colisão Transversal,Sem Vítimas        ,Plena noite,Nublado,Dupla   ,Urbano,Motocicletas,Ileso       ,31.0,Masculino
83321340,24/02/2015,RN,406,SAO GONCALO DO AMARANTE,Outras,Tombamento,Sem Vítimas        ,Pleno dia,Chuva,Simples ,Rural ,Automóvel,Ignorado    ,-1.0,Masculino
83321340,24/02/2015,RN,406,SAO GONCALO DO AMARANTE,Outras,Tombamento,Sem Vítimas        ,Pleno dia,Chuva,Simples ,Rural ,Motocicletas,Ignorado    ,-1.0,Inválido
83321340,24/02/2015,RN,406,SAO GONCALO DO AMARANTE,Outras,Tombamento,Sem Vítimas        ,Pleno dia,Chuva,Simples ,Rural ,Automóvel,Ileso       ,-1.0,Masculino
83321371,20/02/2015,RN,304,MACAIBA,Animais na Pista,Atropelamento de animal,Com Vítimas Feridas,Anoitecer,Ceu Claro,Dupla   ,Urbano,Motocicletas,Ferido Grave,21.0,Masculino
83321371,20/02/2015,RN,304,MACAIBA,Animais na Pista,Atropelamento de animal,Com Vítimas Feridas,Anoitecer,Ceu Claro,Dupla   ,Urbano,Utilitário,Ileso       ,32.0,Feminino
83321371,20/02/2015,RN,304,MACAIBA,Animais na Pista,Atropelamento de animal,Com Vítimas Feridas,Anoitecer,Ceu Claro,Dupla   ,Urbano,Caminhão-Trator,Ileso       ,35.0,Masculino
83321371,20/02/2015,RN,304,MACAIBA,Animais na Pista,Atropelamento de animal,Com Vítimas Feridas,Anoitecer,Ceu Claro,Dupla   ,Urbano,Motocicletas,Ferido Leve ,20.0,Feminino
83321385,24/02/2015,RN,101,NATAL,Outras,Atropelamento de pessoa,Com Vítimas Feridas,Pleno dia,Nublado,Dupla   ,Urbano,Automóvel,Ignorado    ,-1.0,Inválido
83321385,24/02/2015,RN,101,NATAL,Outras,Atropelamento de pessoa,Com Vítimas Feridas,Pleno dia,Nublado,Dupla   ,Urbano,(null),Ferido Grave,78.0,Masculino
83321434,23/02/2015,RN,110,MOSSORO,Desobediência à sinalização,Colisão Transversal,Com Vítimas Feridas,Pleno dia,Ceu Claro,Simples ,Urbano,Caminhonete,Ileso       ,57.0,Masculino
83321434,23/02/2015,RN,110,MOSSORO,Desobediência à sinalização,Colisão Transversal,Com Vítimas Feridas,Pleno dia,Ceu Claro,Simples ,Urbano,Motoneta,Ferido Leve ,18.0,Masculino
83321434,23/02/2015,RN,110,MOSSORO,Desobediência à sinalização,Colisão Transversal,Com Vítimas Feridas,Pleno dia,Ceu Claro,Simples ,Urbano,Motoneta,Ferido Leve ,31.0,Feminino
83321480,24/02/2015,RN,101,NATAL,Outras,Colisão lateral,Sem Vítimas        ,Plena noite,Ceu Claro,Dupla   ,Urbano,Motocicletas,Ileso       ,44.0,Masculino
83321480,24/02/2015,RN,101,NATAL,Outras,Colisão lateral,Sem Vítimas        ,Plena noite,Ceu Claro,Dupla   ,Urbano,Automóvel,Ileso       ,55.0,Masculino
83321485,24/02/2015,RN,427,CURRAIS NOVOS,Falta de atenção,Colisão Transversal,Com Vítimas Feridas,Plena noite,Ceu Claro,Simples ,Urbano,Automóvel,Ignorado    ,63.0,Masculino
83321485,24/02/2015,RN,427,CURRAIS NOVOS,Falta de atenção,Colisão Transversal,Com Vítimas Feridas,Plena noite,Ceu Claro,Simples ,Urbano,Automóvel,Ileso       ,24.0,Feminino
83321485,24/02/2015,RN,427,CURRAIS NOVOS,Falta de atenção,Colisão Transversal,Com Vítimas Feridas,Plena noite,Ceu Claro,Simples ,Urbano,Motocicletas,Ferido Leve ,21.0,Masculino
83321485,24/02/2015,RN,427,CURRAIS NOVOS,Falta de atenção,Colisão Transversal,Com Vítimas Feridas,Plena noite,Ceu Claro,Simples ,Urbano,Motocicletas,Ferido Leve ,19.0,Feminino
83321530,25/02/2015,RN,101,PARNAMIRIM,Falta de atenção,Colisão traseira,Sem Vítimas        ,Pleno dia,Chuva,Dupla   ,Urbano,Automóvel,Ileso       ,46.0,Masculino
83321530,25/02/2015,RN,101,PARNAMIRIM,Falta de atenção,Colisão traseira,Sem Vítimas        ,Pleno dia,Chuva,Dupla   ,Urbano,Automóvel,Ileso       ,34.0,Masculino
83321550,08/01/2015,RN,304,MACAIBA,Defeito mecânico em veículo,Colisão com objeto fixo,Com Vítimas Feridas,Pleno dia,Ceu Claro,Simples ,Rural ,Motocicletas,Ferido Grave,30.0,Masculino
83321550,08/01/2015,RN,304,MACAIBA,Defeito mecânico em veículo,Colisão com objeto fixo,Com Vítimas Feridas,Pleno dia,Ceu Claro,Simples ,Rural ,Motocicletas,Ferido Leve ,-1.0,Masculino
83321603,25/02/2015,RN,110,AREIA BRANCA,Falta de atenção,Colisão Transversal,Com Vítimas Feridas,Pleno dia,Nublado,Simples ,Rural ,Caminhão,Ileso       ,37.0,Masculino
83321603,25/02/2015,RN,110,AREIA BRANCA,Falta de atenção,Colisão Transversal,Com Vítimas Feridas,Pleno dia,Nublado,Simples ,Rural ,Camioneta,Ferido Leve ,60.0,Masculino
83321688,25/02/2015,RN,304,MOSSORO,Outras,Derramamento de Carga,Sem Vítimas        ,Pleno dia,Ceu Claro,Simples ,Rural ,Caminhão,Ileso       ,23.0,Masculino
83321688,25/02/2015,RN,304,MOSSORO,Outras,Derramamento de Carga,Sem Vítimas        ,Pleno dia,Ceu Claro,Simples ,Rural ,Camioneta,Ileso       ,25.0,Masculino
83321703,25/02/2015,RN,101,NATAL,Falta de atenção,Colisão Transversal,Sem Vítimas        ,Pleno dia,Ceu Claro,Dupla   ,Urbano,Automóvel,Ileso       ,23.0,Masculino
83321703,25/02/2015,RN,101,NATAL,Falta de atenção,Colisão Transversal,Sem Vítimas        ,Pleno dia,Ceu Claro,Dupla   ,Urbano,Automóvel,Ileso       ,34.0,Feminino
83321708,25/02/2015,RN,304,MOSSORO,Outras,Queda de motocicleta / bicicleta / veículo,Com Vítimas Feridas,Pleno dia,Nublado,Simples ,Rural ,Motocicletas,Ferido Leve ,19.0,Masculino
83321713,25/02/2015,RN,101,NATAL,Não guardar distância de segurança,Queda de motocicleta / bicicleta / veículo,Com Vítimas Feridas,Pleno dia,Chuva,Dupla   ,Urbano,Motocicletas,Ferido Leve ,51.0,Masculino
83321713,25/02/2015,RN,101,NATAL,Não guardar distância de segurança,Queda de motocicleta / bicicleta / veículo,Com Vítimas Feridas,Pleno dia,Chuva,Dupla   ,Urbano,Motocicletas,Ferido Leve ,49.0,Feminino
83321731,25/02/2015,RN,226,TANGARA,Outras,Saída de Pista,Com Vítimas Feridas,Pleno dia,Chuva,Simples ,Rural ,Automóvel,Ferido Leve ,57.0,Masculino
83321731,25/02/2015,RN,226,TANGARA,Outras,Saída de Pista,Com Vítimas Feridas,Pleno dia,Chuva,Simples ,Rural ,Automóvel,Ferido Leve ,25.0,Feminino
83321748,25/02/2015,RN,406,MACAU,Falta de atenção,Colisão Transversal,Sem Vítimas        ,Pleno dia,Nublado,Simples ,Rural ,Caminhão,Ileso       ,65.0,Masculino
83321748,25/02/2015,RN,406,MACAU,Falta de atenção,Colisão Transversal,Sem Vítimas        ,Pleno dia,Nublado,Simples ,Rural ,Automóvel,Ileso       ,42.0,Masculino
83321802,25/02/2015,RN,304,MOSSORO,Outras,Capotamento,Com Vítimas Feridas,Plena noite,Ceu Claro,Simples ,Rural ,Caminhão,Ferido Leve ,23.0,Masculino
83321829,21/02/2015,RN,304,MACAIBA,Falta de atenção,Capotamento,Ignorado           ,Plena noite,Chuva,Simples ,Rural ,Camioneta,Ignorado    ,42.0,Masculino
83321858,21/02/2015,RN,304,SANTA MARIA,Outras,Colisão frontal,Sem Vítimas        ,Pleno dia,Sol,Simples ,Rural ,Caminhão-Trator,Ileso       ,61.0,Masculino
83321858,21/02/2015,RN,304,SANTA MARIA,Outras,Colisão frontal,Sem Vítimas        ,Pleno dia,Sol,Simples ,Rural ,Caminhão-Trator,Ileso       ,48.0,Masculino
83321917,23/02/2015,RN,110,MOSSORO,Animais na Pista,Atropelamento de animal,Sem Vítimas        ,Plena noite,Ignorada,Simples ,Rural ,Automóvel,Ileso       ,40.0,Masculino
83321955,21/02/2015,RN,304,MOSSORO,Outras,Queda de motocicleta / bicicleta / veículo,Com Vítimas Feridas,Plena noite,Chuva,Dupla   ,Urbano,Motocicletas,Ferido Grave,36.0,Masculino
83321955,21/02/2015,RN,304,MOSSORO,Outras,Queda de motocicleta / bicicleta / veículo,Com Vítimas Feridas,Plena noite,Chuva,Dupla   ,Urbano,Motocicletas,Ferido Leve ,-1.0,Feminino
83321982,26/02/2015,RN,304,MOSSORO,Outras,Colisão Transversal,Sem Vítimas        ,Pleno dia,Sol,Simples ,Urbano,Automóvel,Ileso       ,25.0,Masculino
83321982,26/02/2015,RN,304,MOSSORO,Outras,Colisão Transversal,Sem Vítimas        ,Pleno dia,Sol,Simples ,Urbano,Automóvel,Ileso       ,41.0,Masculino
83322156,26/02/2015,RN,101,PARNAMIRIM,Não guardar distância de segurança,Colisão traseira,Sem Vítimas        ,Pleno dia,Ceu Claro,Dupla   ,Urbano,Automóvel,Ileso       ,34.0,Masculino
83322156,26/02/2015,RN,101,PARNAMIRIM,Não guardar distância de segurança,Colisão traseira,Sem Vítimas        ,Pleno dia,Ceu Claro,Dupla   ,Urbano,Caminhonete,Ileso       ,57.0,Masculino
83322159,26/02/2015,RN,101,NATAL,Não guardar distância de segurança,Colisão traseira,Sem Vítimas        ,Plena noite,Ceu Claro,Dupla   ,Urbano,Automóvel,Ileso       ,42.0,Masculino
83322159,26/02/2015,RN,101,NATAL,Não guardar distância de segurança,Colisão traseira,Sem Vítimas        ,Plena noite,Ceu Claro,Dupla   ,Urbano,Automóvel,Ileso       ,37.0,Feminino
83322159,26/02/2015,RN,101,NATAL,Não guardar distância de segurança,Colisão traseira,Sem Vítimas        ,Plena noite,Ceu Claro,Dupla   ,Urbano,Automóvel,Ileso       ,34.0,Feminino
83322206,26/02/2015,RN,110,MOSSORO,Outras,Colisão lateral,Com Vítimas Feridas,Pleno dia,Ceu Claro,Dupla   ,Urbano,Automóvel,Ileso       ,-1.0,Masculino
83322206,26/02/2015,RN,110,MOSSORO,Outras,Colisão lateral,Com Vítimas Feridas,Pleno dia,Ceu Claro,Dupla   ,Urbano,Motocicletas,Ferido Leve ,-1.0,Masculino
83322244,26/02/2015,RN,304,MOSSORO,Animais na Pista,Atropelamento de animal,Com Vítimas Feridas,Plena noite,Ceu Claro,Simples ,Rural ,Motocicletas,Ferido Leve ,-1.0,Masculino
83322244,26/02/2015,RN,304,MOSSORO,Animais na Pista,Atropelamento de animal,Com Vítimas Feridas,Plena noite,Ceu Claro,Simples ,Rural ,Motocicletas,Ferido Grave,25.0,Masculino
83322282,27/02/2015,RN,304,MACAIBA,Falta de atenção,Tombamento,Com Vítimas Feridas,Pleno dia,Ceu Claro,Simples ,Rural ,Caminhão-Trator,Ferido Leve ,64.0,Masculino
83322427,27/02/2015,RN,101,NATAL,Falta de atenção,Colisão traseira,Sem Vítimas        ,Pleno dia,Ceu Claro,Múltipla,Urbano,Automóvel,Ileso       ,53.0,Masculino
83322427,27/02/2015,RN,101,NATAL,Falta de atenção,Colisão traseira,Sem Vítimas        ,Pleno dia,Ceu Claro,Múltipla,Urbano,Utilitário,Ileso       ,44.0,Masculino
83322574,27/02/2015,RN,101,SAO JOSE DE MIPIBU,Defeito mecânico em veículo,Saída de Pista,Sem Vítimas        ,Plena noite,Ceu Claro,Dupla   ,Rural ,Automóvel,Ileso       ,34.0,Masculino
83322699,28/02/2015,RN,304,LAJES,Defeito mecânico em veículo,Tombamento,Sem Vítimas        ,Amanhecer,Ceu Claro,Simples ,Urbano,Caminhonete,Ileso       ,55.0,Masculino
83322734,28/02/2015,RN,101,PARNAMIRIM,Não guardar distância de segurança,Colisão traseira,Sem Vítimas        ,Pleno dia,Ceu Claro,Dupla   ,Urbano,Automóvel,Ileso       ,25.0,Masculino
83322734,28/02/2015,RN,101,PARNAMIRIM,Não guardar distância de segurança,Colisão traseira,Sem Vítimas        ,Pleno dia,Ceu Claro,Dupla   ,Urbano,Automóvel,Ileso       ,32.0,Masculino
83322734,28/02/2015,RN,101,PARNAMIRIM,Não guardar distância de segurança,Colisão traseira,Sem Vítimas        ,Pleno dia,Ceu Claro,Dupla   ,Urbano,Automóvel,Ileso       ,49.0,Feminino
83322739,28/02/2015,RN,101,SAO JOSE DE MIPIBU,Falta de atenção,Queda de motocicleta / bicicleta / veículo,Com Vítimas Feridas,Pleno dia,Ceu Claro,Dupla   ,Urbano,Motocicletas,Ferido Leve ,21.0,Masculino
83322739,28/02/2015,RN,101,SAO JOSE DE MIPIBU,Falta de atenção,Queda de motocicleta / bicicleta / veículo,Com Vítimas Feridas,Pleno dia,Ceu Claro,Dupla   ,Urbano,Motocicletas,Ferido Leve ,26.0,Feminino
83322739,28/02/2015,RN,101,SAO JOSE DE MIPIBU,Falta de atenção,Queda de motocicleta / bicicleta / veículo,Com Vítimas Feridas,Pleno dia,Ceu Claro,Dupla   ,Urbano,Motocicletas,Ignorado    ,-1.0,Inválido
83322855,28/02/2015,RN,101,NATAL,Outras,Atropelamento de pessoa,Com Vítimas Feridas,Plena noite,Ceu Claro,Dupla   ,Urbano,Motoneta,Ileso       ,34.0,Masculino
83322855,28/02/2015,RN,101,NATAL,Outras,Atropelamento de pessoa,Com Vítimas Feridas,Plena noite,Ceu Claro,Dupla   ,Urbano,Motoneta,Ferido Leve ,20.0,Masculino
83322855,28/02/2015,RN,101,NATAL,Outras,Atropelamento de pessoa,Com Vítimas Feridas,Plena noite,Ceu Claro,Dupla   ,Urbano,(null),Ferido Grave,52.0,Masculino
83322933,28/02/2015,RN,226,NATAL,Desobediência à sinalização,Colisão Transversal,Com Vítimas Feridas,Pleno dia,Ceu Claro,Simples ,Urbano,Automóvel,Ileso       ,50.0,Masculino
83322933,28/02/2015,RN,226,NATAL,Desobediência à sinalização,Colisão Transversal,Com Vítimas Feridas,Pleno dia,Ceu Claro,Simples ,Urbano,Automóvel,Ferido Leve ,27.0,Masculino
83323040,01/03/2015,RN,304,MOSSORO,Falta de atenção,Colisão Transversal,Com Vítimas Feridas,Pleno dia,Ceu Claro,Simples ,Rural ,Motocicletas,Ferido Leve ,28.0,Masculino
83323040,01/03/2015,RN,304,MOSSORO,Falta de atenção,Colisão Transversal,Com Vítimas Feridas,Pleno dia,Ceu Claro,Simples ,Rural ,Motocicletas,Ferido Leve ,25.0,Masculino
83323040,01/03/2015,RN,304,MOSSORO,Falta de atenção,Colisão Transversal,Com Vítimas Feridas,Pleno dia,Ceu Claro,Simples ,Rural ,Automóvel,Ignorado    ,-1.0,Inválido
83323120,21/02/2015,RN,405,MOSSORO,Falta de atenção,Colisão Transversal,Sem Vítimas        ,Pleno dia,Ceu Claro,Simples ,Rural ,Automóvel,Ileso       ,49.0,Masculino
83323120,21/02/2015,RN,405,MOSSORO,Falta de atenção,Colisão Transversal,Sem Vítimas        ,Pleno dia,Ceu Claro,Simples ,Rural ,Camioneta,Ileso       ,87.0,Masculino
83323203,01/03/2015,RN,226,NATAL,Defeito mecânico em veículo,Saída de Pista,Sem Vítimas        ,Plena noite,Ceu Claro,Simples ,Urbano,Caminhonete,Ileso       ,37.0,Masculino
83323256,01/03/2015,RN,406,SAO GONCALO DO AMARANTE,Ingestão de álcool,Colisão frontal,Sem Vítimas        ,Plena noite,Ceu Claro,Simples ,Rural ,Automóvel,Ileso       ,29.0,Masculino
83323256,01/03/2015,RN,406,SAO GONCALO DO AMARANTE,Ingestão de álcool,Colisão frontal,Sem Vítimas        ,Plena noite,Ceu Claro,Simples ,Rural ,Automóvel,Ileso       ,47.0,Masculino
83323263,01/03/2015,RN,427,JARDIM DO SERIDO,Ingestão de álcool,Colisão com objeto fixo,Sem Vítimas        ,Plena noite,Nublado,Simples ,Urbano,Automóvel,Ileso       ,34.0,Masculino
83323316,04/01/2015,RN,304,MACAIBA,Falta de atenção,Colisão lateral,Sem Vítimas        ,Plena noite,Ceu Claro,Simples ,Urbano,Automóvel,Ileso       ,43.0,Masculino
83323316,04/01/2015,RN,304,MACAIBA,Falta de atenção,Colisão lateral,Sem Vítimas        ,Plena noite,Ceu Claro,Simples ,Urbano,Camioneta,Ileso       ,34.0,Masculino
83323328,20/02/2015,RN,101,PARNAMIRIM,Não guardar distância de segurança,Colisão traseira,Com Vítimas Feridas,Pleno dia,Ceu Claro,Dupla   ,Urbano,Ônibus,Ileso       ,29.0,Masculino
83323328,20/02/2015,RN,101,PARNAMIRIM,Não guardar distância de segurança,Colisão traseira,Com Vítimas Feridas,Pleno dia,Ceu Claro,Dupla   ,Urbano,Automóvel,Ferido Leve ,29.0,Masculino
83323328,20/02/2015,RN,101,PARNAMIRIM,Não guardar distância de segurança,Colisão traseira,Com Vítimas Feridas,Pleno dia,Ceu Claro,Dupla   ,Urbano,Automóvel,Ferido Leve ,36.0,Feminino
83323328,20/02/2015,RN,101,PARNAMIRIM,Não guardar distância de segurança,Colisão traseira,Com Vítimas Feridas,Pleno dia,Ceu Claro,Dupla   ,Urbano,Automóvel,Ileso       ,33.0,Masculino
83323328,20/02/2015,RN,101,PARNAMIRIM,Não guardar distância de segurança,Colisão traseira,Com Vítimas Feridas,Pleno dia,Ceu Claro,Dupla   ,Urbano,Automóvel,Ileso       ,39.0,Masculino
83323337,22/02/2015,RN,304,LAJES,Outras,Saída de Pista,Sem Vítimas        ,Pleno dia,Ceu Claro,Simples ,Rural ,Camioneta,Ileso       ,75.0,Masculino
83323339,01/03/2015,RN,226,SANTA CRUZ,Defeito mecânico em veículo,Capotamento,Com Vítimas Feridas,Pleno dia,Ceu Claro,Simples ,Rural ,Automóvel,Ferido Leve ,31.0,Masculino
83323452,02/03/2015,RN,101,NATAL,Falta de atenção,Colisão lateral,Com Vítimas Feridas,Pleno dia,Chuva,Dupla   ,Urbano,Motocicletas,Ferido Leve ,25.0,Masculino
83323452,02/03/2015,RN,101,NATAL,Falta de atenção,Colisão lateral,Com Vítimas Feridas,Pleno dia,Chuva,Dupla   ,Urbano,Automóvel,Ignorado    ,-1.0,Inválido
83323454,02/03/2015,RN,110,MOSSORO,Outras,Saída de Pista,Sem Vítimas        ,Pleno dia,Chuva,Simples ,Urbano,Automóvel,Ileso       ,75.0,Masculino
83323482,02/03/2015,RN,101,SAO GONCALO DO AMARANTE,Outras,Colisão Transversal,Sem Vítimas        ,Pleno dia,Ceu Claro,Dupla   ,Urbano,Caminhonete,Ileso       ,38.0,Masculino
83323482,02/03/2015,RN,101,SAO GONCALO DO AMARANTE,Outras,Colisão Transversal,Sem Vítimas        ,Pleno dia,Ceu Claro,Dupla   ,Urbano,Motocicletas,Ileso       ,28.0,Masculino
83323509,03/02/2015,RN,101,NATAL,Não guardar distância de segurança,Colisão lateral,Sem Vítimas        ,Pleno dia,Ceu Claro,Simples ,Urbano,Automóvel,Ileso       ,25.0,Feminino
83323509,03/02/2015,RN,101,NATAL,Não guardar distância de segurança,Colisão lateral,Sem Vítimas        ,Pleno dia,Ceu Claro,Simples ,Urbano,Caminhonete,Ignorado    ,-1.0,Inválido
83323576,02/03/2015,RN,304,MOSSORO,Velocidade incompatível,Saída de Pista,Sem Vítimas        ,Pleno dia,Chuva,Simples ,Urbano,Caminhão,Ileso       ,33.0,Masculino
83323602,02/03/2015,RN,405,PAU DOS FERROS,Falta de atenção,Colisão Transversal,Com Vítimas Feridas,Pleno dia,Chuva,Simples ,Urbano,Automóvel,Ileso       ,61.0,Feminino
83323602,02/03/2015,RN,405,PAU DOS FERROS,Falta de atenção,Colisão Transversal,Com Vítimas Feridas,Pleno dia,Chuva,Simples ,Urbano,Motocicletas,Ferido Leve ,-1.0,Masculino
83323602,02/03/2015,RN,405,PAU DOS FERROS,Falta de atenção,Colisão Transversal,Com Vítimas Feridas,Pleno dia,Chuva,Simples ,Urbano,Motocicletas,Ferido Grave,30.0,Feminino
83323610,26/02/2015,RN,101,NATAL,Falta de atenção,Colisão lateral,Com Vítimas Feridas,Plena noite,Ceu Claro,Múltipla,Urbano,Ciclomotor,Ferido Leve ,-1.0,Masculino
83323610,26/02/2015,RN,101,NATAL,Falta de atenção,Colisão lateral,Com Vítimas Feridas,Plena noite,Ceu Claro,Múltipla,Urbano,Automóvel,Ileso       ,-1.0,Masculino
83323629,02/03/2015,RN,101,PARNAMIRIM,Falta de atenção,Colisão traseira,Sem Vítimas        ,Plena noite,Ceu Claro,Dupla   ,Urbano,Automóvel,Ileso       ,26.0,Masculino
83323629,02/03/2015,RN,101,PARNAMIRIM,Falta de atenção,Colisão traseira,Sem Vítimas        ,Plena noite,Ceu Claro,Dupla   ,Urbano,Caminhonete,Ileso       ,31.0,Masculino
83323634,02/03/2015,RN,101,PARNAMIRIM,Outras,Atropelamento de pessoa,Com Vítimas Feridas,Pleno dia,Nublado,Dupla   ,Urbano,Automóvel,Ignorado    ,-1.0,Inválido
83323634,02/03/2015,RN,101,PARNAMIRIM,Outras,Atropelamento de pessoa,Com Vítimas Feridas,Pleno dia,Nublado,Dupla   ,Urbano,(null),Ferido Grave,58.0,Masculino
83323646,02/03/2015,RN,101,PARNAMIRIM,Falta de atenção,Colisão traseira,Sem Vítimas        ,Pleno dia,Nublado,Dupla   ,Urbano,Automóvel,Ileso       ,34.0,Feminino
83323646,02/03/2015,RN,101,PARNAMIRIM,Falta de atenção,Colisão traseira,Sem Vítimas        ,Pleno dia,Nublado,Dupla   ,Urbano,Motocicletas,Ignorado    ,-1.0,Masculino
83323702,02/03/2015,RN,304,MACAIBA,Falta de atenção,Colisão traseira,Com Vítimas Feridas,Pleno dia,Nublado,Dupla   ,Rural ,Automóvel,Ileso       ,32.0,Feminino
83323702,02/03/2015,RN,304,MACAIBA,Falta de atenção,Colisão traseira,Com Vítimas Feridas,Pleno dia,Nublado,Dupla   ,Rural ,Caminhão,Ileso       ,45.0,Masculino
83323702,02/03/2015,RN,304,MACAIBA,Falta de atenção,Colisão traseira,Com Vítimas Feridas,Pleno dia,Nublado,Dupla   ,Rural ,Automóvel,Ileso       ,30.0,Masculino
83323702,02/03/2015,RN,304,MACAIBA,Falta de atenção,Colisão traseira,Com Vítimas Feridas,Pleno dia,Nublado,Dupla   ,Rural ,Automóvel,Ferido Leve ,25.0,Feminino
83323702,02/03/2015,RN,304,MACAIBA,Falta de atenção,Colisão traseira,Com Vítimas Feridas,Pleno dia,Nublado,Dupla   ,Rural ,Automóvel,Ferido Leve ,62.0,Masculino
83323702,02/03/2015,RN,304,MACAIBA,Falta de atenção,Colisão traseira,Com Vítimas Feridas,Pleno dia,Nublado,Dupla   ,Rural ,Automóvel,Ferido Leve ,8.0,Feminino
83323702,02/03/2015,RN,304,MACAIBA,Falta de atenção,Colisão traseira,Com Vítimas Feridas,Pleno dia,Nublado,Dupla   ,Rural ,Automóvel,Ferido Leve ,4.0,Feminino
83323702,02/03/2015,RN,304,MACAIBA,Falta de atenção,Colisão traseira,Com Vítimas Feridas,Pleno dia,Nublado,Dupla   ,Rural ,Caminhão,Ileso       ,59.0,Masculino
83323702,02/03/2015,RN,304,MACAIBA,Falta de atenção,Colisão traseira,Com Vítimas Feridas,Pleno dia,Nublado,Dupla   ,Rural ,Motocicletas,Ferido Grave,41.0,Masculino
83323702,02/03/2015,RN,304,MACAIBA,Falta de atenção,Colisão traseira,Com Vítimas Feridas,Pleno dia,Nublado,Dupla   ,Rural ,Motocicletas,Ferido Leve ,52.0,Masculino
83323704,02/03/2015,RN,427,SERRA NEGRA DO NORTE,Animais na Pista,Atropelamento de animal,Sem Vítimas        ,Plena noite,Ceu Claro,Simples ,Rural ,Automóvel,Ileso       ,27.0,Masculino
83323816,23/02/2015,RN,101,PARNAMIRIM,Não guardar distância de segurança,Colisão traseira,Sem Vítimas        ,Pleno dia,Ceu Claro,Dupla   ,Rural ,Automóvel,Ileso       ,-1.0,Masculino
83323816,23/02/2015,RN,101,PARNAMIRIM,Não guardar distância de segurança,Colisão traseira,Sem Vítimas        ,Pleno dia,Ceu Claro,Dupla   ,Rural ,Caminhonete,Ileso       ,-1.0,Masculino
83323827,28/02/2015,RN,226,TANGARA,Outras,Saída de Pista,Com Vítimas Feridas,Plena noite,Ceu Claro,Simples ,Rural ,Automóvel,Ferido Leve ,36.0,Masculino
83323827,28/02/2015,RN,226,TANGARA,Outras,Saída de Pista,Com Vítimas Feridas,Plena noite,Ceu Claro,Simples ,Rural ,Não identificado,Ignorado    ,-1.0,Inválido
83323835,27/02/2015,RN,304,MACAIBA,Não guardar distância de segurança,Colisão traseira,Sem Vítimas        ,Pleno dia,Nublado,Simples ,Rural ,Caminhonete,Ileso       ,-1.0,Masculino
83323835,27/02/2015,RN,304,MACAIBA,Não guardar distância de segurança,Colisão traseira,Sem Vítimas        ,Pleno dia,Nublado,Simples ,Rural ,Automóvel,Ileso       ,-1.0,Masculino
83323854,03/03/2015,RN,101,PARNAMIRIM,Não guardar distância de segurança,Colisão traseira,Sem Vítimas        ,Amanhecer,Chuva,Dupla   ,Rural ,Utilitário,Ileso       ,-1.0,Feminino