id,data_inversa,uf,br,municipio,causa_acidente,tipo_acidente,classificacao_acidente,fase_dia,condicao_metereologica,tipo_pista,uso_solo,tipo_veiculo,estado_fisico,idade,sexo
83329438,16/03/2015,RN,101,PARNAMIRIM,Não guardar distância de segurança,Colisão lateral,Sem Vítimas        ,Pleno dia,Sol,Dupla   ,Urbano,Automóvel,Ileso       ,41.0,Masculino
83329443,16/03/2015,RN,101,PARNAMIRIM,Falta de atenção,Colisão traseira,Sem Vítimas        ,Pleno dia,Ceu Claro,Dupla   ,Urbano,Automóvel,Ileso       ,21.0,Masculino
83329443,16/03/2015,RN,101,PARNAMIRIM,Falta de atenção,Colisão traseira,Sem Vítimas        ,Pleno dia,Ceu Claro,Dupla   ,Urbano,Automóvel,Ileso       ,40.0,Masculino
83329466,16/03/2015,RN,427,JARDIM DO SERIDO,Outras,Capotamento,Com Vítimas Feridas,Pleno dia,Ceu Claro,Simples ,Rural ,Automóvel,Ferido Leve ,49.0,Masculino
83329495,16/03/2015,RN,101,SAO GONCALO DO AMARANTE,Falta de atenção,Colisão lateral,Sem Vítimas        ,Pleno dia,Ceu Claro,Dupla   ,Urbano,Automóvel,Ileso       ,25.0,Masculino
83329495,16/03/2015,RN,101,SAO GONCALO DO AMARANTE,Falta de atenção,Colisão lateral,Sem Vítimas        ,Pleno dia,Ceu Claro,Dupla   ,Urbano,Automóvel,Ileso       ,34.0,Feminino
83329499,16/03/2015,RN,304,ASSU,Defeito mecânico em veículo,Saída de Pista,Sem Vítimas        ,Pleno dia,Nublado,Simples ,Rural ,Caminhonete,Ileso       ,29.0,Masculino
83329500,13/03/2015,RN,405,JOSE DA PENHA,Ultrapassagem indevida,Colisão com bicicleta,Com Vítimas Fatais ,Amanhecer,Ceu Claro,Simples ,Rural ,Automóvel,Ignorado    ,50.0,Masculino
83329500,13/03/2015,RN,405,JOSE DA PENHA,Ultrapassagem indevida,Colisão com bicicleta,Com Vítimas Fatais ,Amanhecer,Ceu Claro,Simples ,Rural ,Bicicleta,Morto       ,63.0,Masculino
83329550,16/03/2015,RN,101,NATAL,Falta de atenção,Colisão traseira,Sem Vítimas        ,Anoitecer,Ceu Claro,Simples ,Urbano,Automóvel,Ileso       ,36.0,Masculino
83329550,16/03/2015,RN,101,NATAL,Falta de atenção,Colisão traseira,Sem Vítimas        ,Anoitecer,Ceu Claro,Simples ,Urbano,Automóvel,Ileso       ,29.0,Masculino
83329587,16/03/2015,RN,406,CEARA-MIRIM,Ingestão de álcool,Atropelamento de pessoa,Com Vítimas Feridas,Plena noite,Ceu Claro,Simples ,Urbano,Motocicletas,Ignorado    ,-1.0,Masculino
83329587,16/03/2015,RN,406,CEARA-MIRIM,Ingestão de álcool,Atropelamento de pessoa,Com Vítimas Feridas,Plena noite,Ceu Claro,Simples ,Urbano,(null),Ferido Leve ,45.0,Masculino
83329596,08/03/2015,RN,406,MACAU,Ingestão de álcool,Colisão frontal,Com Vítimas Fatais ,Pleno dia,Ceu Claro,Simples ,Urbano,Motocicletas,Morto       ,52.0,Masculino
83329596,08/03/2015,RN,406,MACAU,Ingestão de álcool,Colisão frontal,Com Vítimas Fatais ,Pleno dia,Ceu Claro,Simples ,Urbano,Caminhonete,Ferido Leve ,38.0,Masculino
83329850,09/03/2015,RN,304,MACAIBA,Não guardar distância de segurança,Colisão traseira,Sem Vítimas        ,Pleno dia,Sol,Simples ,Urbano,Automóvel,Ileso       ,19.0,Masculino
83329850,09/03/2015,RN,304,MACAIBA,Não guardar distância de segurança,Colisão traseira,Sem Vítimas        ,Pleno dia,Sol,Simples ,Urbano,Automóvel,Ileso       ,29.0,Masculino
83329850,09/03/2015,RN,304,MACAIBA,Não guardar distância de segurança,Colisão traseira,Sem Vítimas        ,Pleno dia,Sol,Simples ,Urbano,Caminhonete,Ileso       ,35.0,Masculino
83329868,09/03/2015,RN,226,TANGARA,Falta de atenção,Colisão traseira,Com Vítimas Fatais ,Pleno dia,Sol,Simples ,Urbano,Caminhonete,Ileso       ,26.0,Masculino
83329868,09/03/2015,RN,226,TANGARA,Falta de atenção,Colisão traseira,Com Vítimas Fatais ,Pleno dia,Sol,Simples ,Urbano,Motoneta,Ferido Grave,23.0,Masculino
83329868,09/03/2015,RN,226,TANGARA,Falta de atenção,Colisão traseira,Com Vítimas Fatais ,Pleno dia,Sol,Simples ,Urbano,Motoneta,Morto       ,57.0,Masculino
83329983,17/03/2015,RN,101,NATAL,Não guardar distância de segurança,Colisão traseira,Sem Vítimas        ,Pleno dia,Ceu Claro,Dupla   ,Urbano,Automóvel,Ileso       ,27.0,Feminino
83329983,17/03/2015,RN,101,NATAL,Não guardar distância de segurança,Colisão traseira,Sem Vítimas        ,Pleno dia,Ceu Claro,Dupla   ,Urbano,Motocicletas,Ileso       ,30.0,Masculino
83329990,17/03/2015,RN,101,PARNAMIRIM,Falta de atenção,Colisão lateral,Sem Vítimas        ,Plena noite,Ceu Claro,Simples ,Urbano,Automóvel,Ileso       ,32.0,Masculino
83329990,17/03/2015,RN,101,PARNAMIRIM,Falta de atenção,Colisão lateral,Sem Vítimas        ,Plena noite,Ceu Claro,Simples ,Urbano,Caminhonete,Ileso       ,43.0,Masculino
83329991,17/03/2015,RN,101,PARNAMIRIM,Falta de atenção,Colisão lateral,Com Vítimas Feridas,Pleno dia,Sol,Dupla   ,Urbano,Motocicletas,Ferido Leve ,39.0,Masculino
83329991,17/03/2015,RN,101,PARNAMIRIM,Falta de atenção,Colisão lateral,Com Vítimas Feridas,Pleno dia,Sol,Dupla   ,Urbano,Caminhonete,Ileso       ,29.0,Masculino
83329993,17/03/2015,RN,101,PARNAMIRIM,Falta de atenção,Colisão lateral,Sem Vítimas        ,Pleno dia,Ceu Claro,Dupla   ,Rural ,Caminhão-Trator,Ileso       ,40.0,Masculino
83329993,17/03/2015,RN,101,PARNAMIRIM,Falta de atenção,Colisão lateral,Sem Vítimas        ,Pleno dia,Ceu Claro,Dupla   ,Rural ,Automóvel,Ileso       ,49.0,Masculino
83330040,17/03/2015,RN,304,MOSSORO,Defeito mecânico em veículo,Queda de motocicleta / bicicleta / veículo,Com Vítimas Feridas,Plena noite,Ceu Claro,Simples ,Rural ,Motoneta,Ferido Leve ,31.0,Feminino
83330040,17/03/2015,RN,304,MOSSORO,Defeito mecânico em veículo,Queda de motocicleta / bicicleta / veículo,Com Vítimas Feridas,Plena noite,Ceu Claro,Simples ,Rural ,Motoneta,Ferido Leve ,28.0,Feminino
83330283,18/03/2015,RN,101,NATAL,Não guardar distância de segurança,Colisão traseira,Sem Vítimas        ,Pleno dia,Ceu Claro,Dupla   ,Urbano,Automóvel,Ileso       ,32.0,Feminino
83330283,18/03/2015,RN,101,NATAL,Não guardar distância de segurança,Colisão traseira,Sem Vítimas        ,Pleno dia,Ceu Claro,Dupla   ,Urbano,Automóvel,Ileso       ,42.0,Masculino
83330310,18/02/2015,RN,101,PARNAMIRIM,Falta de atenção,Colisão lateral,Sem Vítimas        ,Pleno dia,Ceu Claro,Dupla   ,Rural ,Caminhão-Trator,Ileso       ,35.0,Masculino
83330310,18/02/2015,RN,101,PARNAMIRIM,Falta de atenção,Colisão lateral,Sem Vítimas        ,Pleno dia,Ceu Claro,Dupla   ,Rural ,Automóvel,Ileso       ,43.0,Masculino
83330367,18/03/2015,RN,304,MACAIBA,Falta de atenção,Colisão traseira,Com Vítimas Feridas,Pleno dia,Ceu Claro,Simples ,Urbano,Motocicletas,Ferido Leve ,28.0,Masculino
83330367,18/03/2015,RN,304,MACAIBA,Falta de atenção,Colisão traseira,Com Vítimas Feridas,Pleno dia,Ceu Claro,Simples ,Urbano,Automóvel,Ileso       ,27.0,Masculino
83330376,18/03/2015,RN,226,NATAL,Outras,Tombamento,Sem Vítimas        ,Pleno dia,Ceu Claro,Simples ,Urbano,Caminhão,Ileso       ,33.0,Masculino
83330380,18/03/2015,RN,101,NATAL,Desobediência à sinalização,Colisão frontal,Sem Vítimas        ,Pleno dia,Ceu Claro,Simples ,Urbano,Automóvel,Ileso       ,-1.0,Masculino
83330380,18/03/2015,RN,101,NATAL,Desobediência à sinalização,Colisão frontal,Sem Vítimas        ,Pleno dia,Ceu Claro,Simples ,Urbano,Automóvel,Ileso       ,-1.0,Masculino
83330465,18/03/2015,RN,304,MOSSORO,Ingestão de álcool,Queda de motocicleta / bicicleta / veículo,Com Vítimas Feridas,Plena noite,Ceu Claro,Dupla   ,Urbano,Motoneta,Ferido Grave,-1.0,Masculino
83330495,19/03/2015,RN,304,MOSSORO,Outras,Queda de motocicleta / bicicleta / veículo,Com Vítimas Feridas,Amanhecer,Ceu Claro,Simples ,Rural ,Motocicletas,Ferido Leve ,22.0,Masculino
83330521,15/03/2015,RN,304,MOSSORO,Outras,Colisão com objeto fixo,Sem Vítimas        ,Pleno dia,Chuva,Dupla   ,Urbano,Automóvel,Ileso       ,48.0,Masculino
83330521,15/03/2015,RN,304,MOSSORO,Outras,Colisão com objeto fixo,Sem Vítimas        ,Pleno dia,Chuva,Dupla   ,Urbano,Automóvel,Ileso       ,44.0,Masculino
83330521,15/03/2015,RN,304,MOSSORO,Outras,Colisão com objeto fixo,Sem Vítimas        ,Pleno dia,Chuva,Dupla   ,Urbano,Automóvel,Ileso       ,35.0,Feminino
83330554,15/03/2015,RN,304,MOSSORO,Ingestão de álcool,Saída de Pista,Com Vítimas Feridas,Plena noite,Nublado,Simples ,Rural ,Caminhão-Trator,Ferido Leve ,33.0,Masculino
83330575,15/03/2015,RN,304,MOSSORO,Falta de atenção,Queda de motocicleta / bicicleta / veículo,Com Vítimas Feridas,Plena noite,Nublado,Simples ,Urbano,Ciclomotor,Ferido Leve ,34.0,Feminino
83330575,15/03/2015,RN,304,MOSSORO,Falta de atenção,Queda de motocicleta / bicicleta / veículo,Com Vítimas Feridas,Plena noite,Nublado,Simples ,Urbano,Ciclomotor,Ileso       ,10.0,Masculino
83330625,16/03/2015,RN,304,MOSSORO,Dormindo,Saída de Pista,Sem Vítimas        ,Plena noite,Nublado,Simples ,Urbano,Automóvel,Ileso       ,20.0,Masculino
83330629,19/03/2015,RN,101,PARNAMIRIM,Falta de atenção,Colisão lateral,Com Vítimas Feridas,Pleno dia,Ceu Claro,Múltipla,Urbano,Camioneta,Ileso       ,51.0,Feminino
83330629,19/03/2015,RN,101,PARNAMIRIM,Falta de atenção,Colisão lateral,Com Vítimas Feridas,Pleno dia,Ceu Claro,Múltipla,Urbano,Motoneta,Ferido Leve ,39.0,Feminino
83330646,19/03/2015,RN,101,SAO JOSE DE MIPIBU,Desobediência à sinalização,Atropelamento de pessoa,Com Vítimas Feridas,Pleno dia,Ceu Claro,Dupla   ,Urbano,(null),Ferido Leve ,41.0,Masculino
83330646,19/03/2015,RN,101,SAO JOSE DE MIPIBU,Desobediência à sinalização,Atropelamento de pessoa,Com Vítimas Feridas,Pleno dia,Ceu Claro,Dupla   ,Urbano,Ciclomotor,Ileso       ,18.0,Masculino
83330657,19/03/2015,RN,101,NATAL,Outras,Colisão lateral,Sem Vítimas        ,Pleno dia,Ceu Claro,Dupla   ,Urbano,Automóvel,Ileso       ,43.0,Feminino
83330657,19/03/2015,RN,101,NATAL,Outras,Colisão lateral,Sem Vítimas        ,Pleno dia,Ceu Claro,Dupla   ,Urbano,Caminhonete,Ileso       ,51.0,Masculino
83330794,19/03/2015,RN,101,NATAL,Outras,Colisão lateral,Sem Vítimas        ,Plena noite,Ignorada,Múltipla,Urbano,Automóvel,Ileso       ,33.0,Masculino
83330794,19/03/2015,RN,101,NATAL,Outras,Colisão lateral,Sem Vítimas        ,Plena noite,Ignorada,Múltipla,Urbano,Automóvel,Ileso       ,54.0,Masculino
83330904,17/03/2015,RN,110,MOSSORO,Outras,Atropelamento de pessoa,Com Vítimas Feridas,Amanhecer,Ceu Claro,Dupla   ,Urbano,Motoneta,Ferido Leve ,49.0,Masculino
83330904,17/03/2015,RN,110,MOSSORO,Outras,Atropelamento de pessoa,Com Vítimas Feridas,Amanhecer,Ceu Claro,Dupla   ,Urbano,(null),Ferido Leve ,84.0,Masculino
83330907,02/03/2015,RN,226,CURRAIS NOVOS,Outras,Colisão frontal,Com Vítimas Fatais ,Pleno dia,Chuva,Simples ,Rural ,Automóvel,Ferido Grave,36.0,Masculino
83330907,02/03/2015,RN,226,CURRAIS NOVOS,Outras,Colisão frontal,Com Vítimas Fatais ,Pleno dia,Chuva,Simples ,Rural ,Caminhonete,Ferido Grave,25.0,Masculino
83330907,02/03/2015,RN,226,CURRAIS NOVOS,Outras,Colisão frontal,Com Vítimas Fatais ,Pleno dia,Chuva,Simples ,Rural ,Automóvel,Morto       ,72.0,Feminino
83330907,02/03/2015,RN,226,CURRAIS NOVOS,Outras,Colisão frontal,Com Vítimas Fatais ,Pleno dia,Chuva,Simples ,Rural ,Automóvel,Morto       ,54.0,Masculino
83330907,02/03/2015,RN,226,CURRAIS NOVOS,Outras,Colisão frontal,Com Vítimas Fatais ,Pleno dia,Chuva,Simples ,Rural ,Automóvel,Morto       ,-1.0,Feminino
83330907,02/03/2015,RN,226,CURRAIS NOVOS,Outras,Colisão frontal,Com Vítimas Fatais ,Pleno dia,Chuva,Simples ,Rural ,Automóvel,Morto       ,20.0,Feminino
83330907,02/03/2015,RN,226,CURRAIS NOVOS,Outras,Colisão frontal,Com Vítimas Fatais ,Pleno dia,Chuva,Simples ,Rural ,Caminhonete,Morto       ,58.0,Masculino
83330959,20/03/2015,RN,101,PARNAMIRIM,Falta de atenção,Colisão lateral,Sem Vítimas        ,Pleno dia,Sol,Dupla   ,Urbano,Automóvel,Ileso       ,32.0,Masculino
83330959,20/03/2015,RN,101,PARNAMIRIM,Falta de atenção,Colisão lateral,Sem Vítimas        ,Pleno dia,Sol,Dupla   ,Urbano,Caminhão-Trator,Ileso       ,34.0,Masculino
83330981,20/03/2015,RN,304,ITAJA,Falta de atenção,Colisão Transversal,Com Vítimas Feridas,Pleno dia,Ceu Claro,Simples ,Urbano,Automóvel,Ileso       ,30.0,Masculino
83330981,20/03/2015,RN,304,ITAJA,Falta de atenção,Colisão Transversal,Com Vítimas Feridas,Pleno dia,Ceu Claro,Simples ,Urbano,Automóvel,Ignorado    ,-1.0,Masculino
83330981,20/03/2015,RN,304,ITAJA,Falta de atenção,Colisão Transversal,Com Vítimas Feridas,Pleno dia,Ceu Claro,Simples ,Urbano,Automóvel,Ferido Leve ,62.0,Feminino
83330981,20/03/2015,RN,304,ITAJA,Falta de atenção,Colisão Transversal,Com Vítimas Feridas,Pleno dia,Ceu Claro,Simples ,Urbano,Automóvel,Ferido Leve ,24.0,Feminino
83331042,16/03/2015,RN,101,NATAL,Falta de atenção,Colisão lateral,Sem Vítimas        ,Pleno dia,Ceu Claro,Múltipla,Urbano,Automóvel,Ileso       ,31.0,Feminino
83331042,16/03/2015,RN,101,NATAL,Falta de atenção,Colisão lateral,Sem Vítimas        ,Pleno dia,Ceu Claro,Múltipla,Urbano,Caminhão-Trator,Ignorado    ,-1.0,Masculino
83331081,20/03/2015,RN,406,CEARA-MIRIM,Defeito mecânico em veículo,Colisão Transversal,Sem Vítimas        ,Pleno dia,Ceu Claro,Simples ,Urbano,Automóvel,Ileso       ,43.0,Masculino
83331081,20/03/2015,RN,406,CEARA-MIRIM,Defeito mecânico em veículo,Colisão Transversal,Sem Vítimas        ,Pleno dia,Ceu Claro,Simples ,Urbano,Automóvel,Ileso       ,47.0,Masculino
83331368,21/03/2015,RN,101,PARNAMIRIM,Falta de atenção,Colisão lateral,Com Vítimas Feridas,Pleno dia,Chuva,Dupla   ,Urbano,Automóvel,Ileso       ,27.0,Masculino
83331368,21/03/2015,RN,101,PARNAMIRIM,Falta de atenção,Colisão lateral,Com Vítimas Feridas,Pleno dia,Chuva,Dupla   ,Urbano,Motocicletas,Ferido Leve ,26.0,Masculino
83331378,21/03/2015,RN,101,NATAL,Desobediência à sinalização,Colisão frontal,Com Vítimas Feridas,Amanhecer,Chuva,Múltipla,Urbano,Automóvel,Ferido Leve ,31.0,Masculino
83331378,21/03/2015,RN,101,NATAL,Desobediência à sinalização,Colisão frontal,Com Vítimas Feridas,Amanhecer,Chuva,Múltipla,Urbano,Automóvel,Ferido Leve ,31.0,Masculino
83331491,21/03/2015,RN,101,NATAL,Falta de atenção,Colisão traseira,Sem Vítimas        ,Pleno dia,Chuva,Dupla   ,Urbano,Ônibus,Ileso       ,53.0,Masculino
83331491,21/03/2015,RN,101,NATAL,Falta de atenção,Colisão traseira,Sem Vítimas        ,Pleno dia,Chuva,Dupla   ,Urbano,Automóvel,Ileso       ,29.0,Masculino
83331516,21/03/2015,RN,304,MOSSORO,Falta de atenção,Capotamento,Com Vítimas Feridas,Pleno dia,Chuva,Dupla   ,Rural ,Automóvel,Ileso       ,57.0,Masculino
83331516,21/03/2015,RN,304,MOSSORO,Falta de atenção,Capotamento,Com Vítimas Feridas,Pleno dia,Chuva,Dupla   ,Rural ,Automóvel,Ferido Leve ,48.0,Feminino
83331516,21/03/2015,RN,304,MOSSORO,Falta de atenção,Capotamento,Com Vítimas Feridas,Pleno dia,Chuva,Dupla   ,Rural ,Automóvel,Ferido Leve ,21.0,Masculino
83331522,21/03/2015,RN,101,PARNAMIRIM,Não guardar distância de segurança,Colisão traseira,Sem Vítimas        ,Pleno dia,Chuva,Dupla   ,Urbano,Automóvel,Ileso       ,61.0,Masculino
83331522,21/03/2015,RN,101,PARNAMIRIM,Não guardar distância de segurança,Colisão traseira,Sem Vítimas        ,Pleno dia,Chuva,Dupla   ,Urbano,Ônibus,Ileso       ,61.0,Masculino
83331523,21/03/2015,RN,226,SANTA CRUZ,Dormindo,Colisão frontal,Sem Vítimas        ,Pleno dia,Nublado,Simples ,Rural ,Caminhonete,Ileso       ,57.0,Masculino
83331523,21/03/2015,RN,226,SANTA CRUZ,Dormindo,Colisão frontal,Sem Vítimas        ,Pleno dia,Nublado,Simples ,Rural ,Automóvel,Ileso       ,31.0,Masculino
83331523,21/03/2015,RN,226,SANTA CRUZ,Dormindo,Colisão frontal,Sem Vítimas        ,Pleno dia,Nublado,Simples ,Rural ,Automóvel,Ileso       ,-1.0,Feminino
83331523,21/03/2015,RN,226,SANTA CRUZ,Dormindo,Colisão frontal,Sem Vítimas        ,Pleno dia,Nublado,Simples ,Rural ,Automóvel,Ileso       ,-1.0,Feminino
83331523,21/03/2015,RN,226,SANTA CRUZ,Dormindo,Colisão frontal,Sem Vítimas        ,Pleno dia,Nublado,Simples ,Rural ,Automóvel,Ileso       ,-1.0,Feminino
83331523,21/03/2015,RN,226,SANTA CRUZ,Dormindo,Colisão frontal,Sem Vítimas        ,Pleno dia,Nublado,Simples ,Rural ,Automóvel,Ileso       ,-1.0,Masculino
83331528,21/03/2015,RN,101,CEARA-MIRIM,Falta de atenção,Colisão Transversal,Com Vítimas Feridas,Pleno dia,Chuva,Simples ,Rural ,Automóvel,Ferido Leve ,51.0,Feminino
83331528,21/03/2015,RN,101,CEARA-MIRIM,Falta de atenção,Colisão Transversal,Com Vítimas Feridas,Pleno dia,Chuva,Simples ,Rural ,Utilitário,Ferido Leve ,74.0,Masculino
83331528,21/03/2015,RN,101,CEARA-MIRIM,Falta de atenção,Colisão Transversal,Com Vítimas Feridas,Pleno dia,Chuva,Simples ,Rural ,Automóvel,Ileso       ,66.0,Masculino
83331532,21/03/2015,RN,304,MOSSORO,Outras,Colisão com objeto fixo,Sem Vítimas        ,Pleno dia,Chuva,Dupla   ,Rural ,Automóvel,Ileso       ,57.0,Masculino
83331545,21/03/2015,RN,226,CURRAIS NOVOS,Desobediência à sinalização,Colisão Transversal,Com Vítimas Feridas,Pleno dia,Sol,Dupla   ,Urbano,Automóvel,Ileso       ,70.0,Masculino
83331545,21/03/2015,RN,226,CURRAIS NOVOS,Desobediência à sinalização,Colisão Transversal,Com Vítimas Feridas,Pleno dia,Sol,Dupla   ,Urbano,Motocicletas,Ferido Leve ,19.0,Masculino
83331545,21/03/2015,RN,226,CURRAIS NOVOS,Desobediência à sinalização,Colisão Transversal,Com Vítimas Feridas,Pleno dia,Sol,Dupla   ,Urbano,Motocicletas,Ferido Leve ,-1.0,Masculino
83331568,21/03/2015,RN,101,SAO JOSE DE MIPIBU,Outras,Colisão com objeto fixo,Sem Vítimas        ,Anoitecer,Chuva,Dupla   ,Urbano,Automóvel,Ileso       ,-1.0,Masculino
83331577,21/03/2015,RN,101,NATAL,Não guardar distância de segurança,Colisão traseira,Sem Vítimas        ,Pleno dia,Chuva,Dupla   ,Urbano,Automóvel,Ileso       ,20.0,Masculino
83331577,21/03/2015,RN,101,NATAL,Não guardar distância de segurança,Colisão traseira,Sem Vítimas        ,Pleno dia,Chuva,Dupla   ,Urbano,Automóvel,Ileso       ,22.0,Masculino
83331577,21/03/2015,RN,101,NATAL,Não guardar distância de segurança,Colisão traseira,Sem Vítimas        ,Pleno dia,Chuva,Dupla   ,Urbano,Camioneta,Ileso       ,42.0,Feminino
83331635,21/03/2015,RN,427,ACARI,Outras,Colisão Transversal,Com Vítimas Feridas,Pleno dia,Nublado,Simples ,Urbano,Automóvel,Ferido Leve ,25.0,Masculino
83331635,21/03/2015,RN,427,ACARI,Outras,Colisão Transversal,Com Vítimas Feridas,Pleno dia,Nublado,Simples ,Urbano,Caminhonete,Ferido Grave,-1.0,Masculino
83331635,21/03/2015,RN,427,ACARI,Outras,Colisão Transversal,Com Vítimas Feridas,Pleno dia,Nublado,Simples ,Urbano,Automóvel,Ferido Leve ,58.0,Masculino
83331648,21/03/2015,RN,101,PARNAMIRIM,Outras,Colisão traseira,Sem Vítimas        ,Plena noite,Chuva,Dupla   ,Rural ,Automóvel,Ileso       ,43.0,Masculino
83331648,21/03/2015,RN,101,PARNAMIRIM,Outras,Colisão traseira,Sem Vítimas        ,Plena noite,Chuva,Dupla   ,Rural ,Automóvel,Ignorado    ,-1.0,Inválido
83331676,21/03/2015,RN,101,NATAL,Outras,Colisão lateral,Sem Vítimas        ,Pleno dia,Chuva,Múltipla,Urbano,Automóvel,Ileso       ,64.0,Masculino
83331676,21/03/2015,RN,101,NATAL,Outras,Colisão lateral,Sem Vítimas        ,Pleno dia,Chuva,Múltipla,Urbano,Automóvel,Ileso       ,31.0,Masculino
83331693,21/03/2015,RN,304,MACAIBA,Falta de atenção,Colisão lateral,Sem Vítimas        ,Pleno dia,Chuva,Dupla   ,Rural ,Automóvel,Ileso       ,38.0,Masculino
83331693,21/03/2015,RN,304,MACAIBA,Falta de atenção,Colisão lateral,Sem Vítimas        ,Pleno dia,Chuva,Dupla   ,Rural ,Automóvel,Ileso       ,21.0,Masculino
83331710,21/03/2015,RN,101,SAO JOSE DE MIPIBU,Outras,Queda de motocicleta / bicicleta / veículo,Com Vítimas Feridas,Plena noite,Chuva,Dupla   ,Rural ,Motocicletas,Ferido Leve ,45.0,Masculino
83331718,21/03/2015,RN,304,RIACHUELO,Outras,Saída de Pista,Sem Vítimas        ,Pleno dia,Chuva,Simples ,Rural ,Automóvel,Ileso       ,57.0,Masculino
83331737,21/03/2015,RN,427,JARDIM DO SERIDO,Ingestão de álcool,Queda de motocicleta / bicicleta / veículo,Com Vítimas Feridas,Plena noite,Nublado,Simples ,Rural ,Motocicletas,Ferido Leve ,-1.0,Masculino
83331811,22/03/2015,RN,427,CAICO,Ingestão de álcool,Saída de Pista,Sem Vítimas        ,Plena noite,Nublado,Simples ,Rural ,Automóvel,Ileso       ,41.0,Masculino
83331820,19/03/2015,RN,304,MACAIBA,Falta de atenção,Colisão Transversal,Com Vítimas Feridas,Pleno dia,Sol,Simples ,Urbano,Motocicletas,Ferido Leve ,33.0,Masculino
83331820,19/03/2015,RN,304,MACAIBA,Falta de atenção,Colisão Transversal,Com Vítimas Feridas,Pleno dia,Sol,Simples ,Urbano,Motocicletas,Ferido Leve ,51.0,Masculino
83331843,02/03/2015,RN,101,PARNAMIRIM,Falta de atenção,Colisão traseira,Sem Vítimas        ,Plena noite,Ceu Claro,Dupla   ,Urbano,Automóvel,Ileso       ,67.0,Masculino
83331843,02/03/2015,RN,101,PARNAMIRIM,Falta de atenção,Colisão traseira,Sem Vítimas        ,Plena noite,Ceu Claro,Dupla   ,Urbano,Automóvel,Ileso       ,56.0,Masculino
83331917,14/03/2015,RN,101,NATAL,Outras,Colisão traseira,Com Vítimas Feridas,Pleno dia,Ceu Claro,Dupla   ,Urbano,Motocicletas,Ferido Leve ,22.0,Masculino
83331917,14/03/2015,RN,101,NATAL,Outras,Colisão traseira,Com Vítimas Feridas,Pleno dia,Ceu Claro,Dupla   ,Urbano,Automóvel,Ileso       ,19.0,Masculino
83331929,10/03/2015,RN,101,NATAL,Defeito mecânico em veículo,Colisão traseira,Com Vítimas Feridas,Plena noite,Ceu Claro,Dupla   ,Urbano,Automóvel,Ileso       ,25.0,Masculino
83331929,10/03/2015,RN,101,NATAL,Defeito mecânico em veículo,Colisão traseira,Com Vítimas Feridas,Plena noite,Ceu Claro,Dupla   ,Urbano,Motocicletas,Ferido Grave,29.0,Masculino
83331951,22/03/2015,RN,304,MACAIBA,Desobediência à sinalização,Colisão Transversal,Sem Vítimas        ,Pleno dia,Chuva,Simples ,Urbano,Automóvel,Ileso       ,28.0,Masculino
83331951,22/03/2015,RN,304,MACAIBA,Desobediência à sinalização,Colisão Transversal,Sem Vítimas        ,Pleno dia,Chuva,Simples ,Urbano,Caminhonete,Ileso       ,37.0,Masculino
83331951,22/03/2015,RN,304,MACAIBA,Desobediência à sinalização,Colisão Transversal,Sem Vítimas        ,Pleno dia,Chuva,Simples ,Urbano,Automóvel,Ileso       ,30.0,Masculino
83332144,18/03/2015,RN,304,MACAIBA,Falta de atenção,Colisão traseira,Sem Vítimas        ,Anoitecer,Ceu Claro,Simples ,Rural ,Caminhonete,Ileso       ,50.0,Masculino
83332144,18/03/2015,RN,304,MACAIBA,Falta de atenção,Colisão traseira,Sem Vítimas        ,Anoitecer,Ceu Claro,Simples ,Rural ,Automóvel,Ileso       ,54.0,Masculino
83332166,22/03/2015,RN,101,PARNAMIRIM,Defeito mecânico em veículo,Colisão com objeto móvel,Sem Vítimas        ,Plena noite,Ceu Claro,Dupla   ,Urbano,Camioneta,Ignorado    ,-1.0,Inválido
83332166,22/03/2015,RN,101,PARNAMIRIM,Defeito mecânico em veículo,Colisão com objeto móvel,Sem Vítimas        ,Plena noite,Ceu Claro,Dupla   ,Urbano,Automóvel,Ileso       ,37.0,Masculino
83332166,22/03/2015,RN,101,PARNAMIRIM,Defeito mecânico em veículo,Colisão com objeto móvel,Sem Vítimas        ,Plena noite,Ceu Claro,Dupla   ,Urbano,Automóvel,Ileso       ,38.0,Feminino
83332191,22/03/2015,RN,304,MACAIBA,Ingestão de álcool,Colisão traseira,Com Vítimas Feridas,Pleno dia,Nublado,Simples ,Urbano,Motocicletas,Ferido Leve ,29.0,Masculino
83332191,22/03/2015,RN,304,MACAIBA,Ingestão de álcool,Colisão traseira,Com Vítimas Feridas,Pleno dia,Nublado,Simples ,Urbano,Motocicletas,Ferido Leve ,-1.0,Feminino
83332191,22/03/2015,RN,304,MACAIBA,Ingestão de álcool,Colisão traseira,Com Vítimas Feridas,Pleno dia,Nublado,Simples ,Urbano,Automóvel,Ileso       ,-1.0,Feminino
83332217,22/03/2015,RN,226,TANGARA,Outras,Queda de motocicleta / bicicleta / veículo,Com Vítimas Feridas,Plena noite,Nublado,Simples ,Rural ,Motocicletas,Ferido Grave,22.0,Masculino