id,data_inversa,uf,br,municipio,causa_acidente,tipo_acidente,classificacao_acidente,fase_dia,condicao_metereologica,tipo_pista,uso_solo,tipo_veiculo,estado_fisico,idade,sexo
83335782,31/03/2015,RN,101,PARNAMIRIM,Outras,Colisão lateral,Sem Vítimas        ,Pleno dia,Sol,Múltipla,Urbano,Caminhão-Trator,Ileso       ,40.0,Masculino
83335782,31/03/2015,RN,101,PARNAMIRIM,Outras,Colisão lateral,Sem Vítimas        ,Pleno dia,Sol,Múltipla,Urbano,Automóvel,Ileso       ,32.0,Masculino
83335789,31/03/2015,RN,101,SAO GONCALO DO AMARANTE,Outras,Colisão lateral,Sem Vítimas        ,Pleno dia,Ceu Claro,Dupla   ,Urbano,Ônibus,Ileso       ,47.0,Masculino
83335789,31/03/2015,RN,101,SAO GONCALO DO AMARANTE,Outras,Colisão lateral,Sem Vítimas        ,Pleno dia,Ceu Claro,Dupla   ,Urbano,Caminhonete,Ileso       ,52.0,Masculino
83335801,31/03/2015,RN,304,MACAIBA,Dormindo,Colisão lateral,Com Vítimas Feridas,Pleno dia,Sol,Simples ,Rural ,Caminhão,Ileso       ,39.0,Masculino
83335801,31/03/2015,RN,304,MACAIBA,Dormindo,Colisão lateral,Com Vítimas Feridas,Pleno dia,Sol,Simples ,Rural ,Caminhão-Trator,Ferido Leve ,54.0,Masculino
83335804,18/02/2015,RN,304,MOSSORO,Falta de atenção,Colisão traseira,Com Vítimas Feridas,Pleno dia,Sol,Dupla   ,Urbano,Automóvel,Ileso       ,42.0,Masculino
83335804,18/02/2015,RN,304,MOSSORO,Falta de atenção,Colisão traseira,Com Vítimas Feridas,Pleno dia,Sol,Dupla   ,Urbano,Automóvel,Ileso       ,65.0,Masculino
83335804,18/02/2015,RN,304,MOSSORO,Falta de atenção,Colisão traseira,Com Vítimas Feridas,Pleno dia,Sol,Dupla   ,Urbano,Automóvel,Ferido Leve ,22.0,Feminino
83335866,31/03/2015,RN,304,MOSSORO,Falta de atenção,Colisão lateral,Com Vítimas Feridas,Pleno dia,Ceu Claro,Simples ,Urbano,Automóvel,Ileso       ,52.0,Masculino
83335866,31/03/2015,RN,304,MOSSORO,Falta de atenção,Colisão lateral,Com Vítimas Feridas,Pleno dia,Ceu Claro,Simples ,Urbano,Ciclomotor,Ferido Leve ,46.0,Masculino
83335884,31/03/2015,RN,226,NATAL,Falta de atenção,Atropelamento de pessoa,Com Vítimas Feridas,Anoitecer,Ceu Claro,Simples ,Urbano,(null),Ferido Leve ,-1.0,Feminino
83335884,31/03/2015,RN,226,NATAL,Falta de atenção,Atropelamento de pessoa,Com Vítimas Feridas,Anoitecer,Ceu Claro,Simples ,Urbano,Motocicletas,Ileso       ,-1.0,Masculino
83335954,31/03/2015,RN,101,NATAL,Falta de atenção,Colisão Transversal,Com Vítimas Feridas,Anoitecer,Ceu Claro,Simples ,Urbano,Motocicletas,Ferido Leve ,30.0,Masculino
83335954,31/03/2015,RN,101,NATAL,Falta de atenção,Colisão Transversal,Com Vítimas Feridas,Anoitecer,Ceu Claro,Simples ,Urbano,Motocicletas,Ferido Leve ,30.0,Feminino
83335954,31/03/2015,RN,101,NATAL,Falta de atenção,Colisão Transversal,Com Vítimas Feridas,Anoitecer,Ceu Claro,Simples ,Urbano,Motocicletas,Ferido Leve ,21.0,Masculino
83335955,31/03/2015,RN,101,SAO GONCALO DO AMARANTE,Falta de atenção,Atropelamento de pessoa,Com Vítimas Feridas,Plena noite,Ceu Claro,Simples ,Urbano,(null),Ferido Grave,-1.0,Feminino
83335955,31/03/2015,RN,101,SAO GONCALO DO AMARANTE,Falta de atenção,Atropelamento de pessoa,Com Vítimas Feridas,Plena noite,Ceu Claro,Simples ,Urbano,(null),Ferido Grave,1.0,Masculino
83335955,31/03/2015,RN,101,SAO GONCALO DO AMARANTE,Falta de atenção,Atropelamento de pessoa,Com Vítimas Feridas,Plena noite,Ceu Claro,Simples ,Urbano,Motocicletas,Ignorado    ,-1.0,Inválido
83336125,01/04/2015,RN,101,NATAL,Não guardar distância de segurança,Colisão traseira,Sem Vítimas        ,Pleno dia,Sol,Dupla   ,Urbano,Automóvel,Ileso       ,27.0,Feminino
83336125,01/04/2015,RN,101,NATAL,Não guardar distância de segurança,Colisão traseira,Sem Vítimas        ,Pleno dia,Sol,Dupla   ,Urbano,Automóvel,Ileso       ,49.0,Masculino
83336128,01/04/2015,RN,304,MOSSORO,Outras,Capotamento,Com Vítimas Feridas,Pleno dia,Ceu Claro,Simples ,Rural ,Automóvel,Ferido Leve ,37.0,Masculino
83336128,01/04/2015,RN,304,MOSSORO,Outras,Capotamento,Com Vítimas Feridas,Pleno dia,Ceu Claro,Simples ,Rural ,Automóvel,Ferido Leve ,34.0,Feminino
83336128,01/04/2015,RN,304,MOSSORO,Outras,Capotamento,Com Vítimas Feridas,Pleno dia,Ceu Claro,Simples ,Rural ,Automóvel,Ferido Leve ,15.0,Feminino
83336128,01/04/2015,RN,304,MOSSORO,Outras,Capotamento,Com Vítimas Feridas,Pleno dia,Ceu Claro,Simples ,Rural ,Automóvel,Ferido Leve ,23.0,Masculino
83336218,18/03/2015,RN,304,MACAIBA,Não guardar distância de segurança,Colisão traseira,Sem Vítimas        ,Pleno dia,Ceu Claro,Simples ,Urbano,Automóvel,Ileso       ,39.0,Masculino
83336218,18/03/2015,RN,304,MACAIBA,Não guardar distância de segurança,Colisão traseira,Sem Vítimas        ,Pleno dia,Ceu Claro,Simples ,Urbano,Caminhão,Ileso       ,44.0,Masculino
83336234,01/04/2015,RN,110,MOSSORO,Falta de atenção,Colisão traseira,Sem Vítimas        ,Pleno dia,Ceu Claro,Simples ,Urbano,Automóvel,Ileso       ,30.0,Masculino
83336234,01/04/2015,RN,110,MOSSORO,Falta de atenção,Colisão traseira,Sem Vítimas        ,Pleno dia,Ceu Claro,Simples ,Urbano,Automóvel,Ileso       ,30.0,Masculino
83336294,01/04/2015,RN,304,MACAIBA,Não guardar distância de segurança,Colisão traseira,Sem Vítimas        ,Anoitecer,Ceu Claro,Simples ,Urbano,Utilitário,Ileso       ,41.0,Feminino
83336294,01/04/2015,RN,304,MACAIBA,Não guardar distância de segurança,Colisão traseira,Sem Vítimas        ,Anoitecer,Ceu Claro,Simples ,Urbano,Automóvel,Ileso       ,28.0,Masculino
83336367,29/03/2015,RN,304,MOSSORO,Ingestão de álcool,Colisão com objeto fixo,Sem Vítimas        ,Plena noite,Ceu Claro,Simples ,Rural ,Automóvel,Ileso       ,29.0,Masculino
83336370,01/04/2015,RN,101,PARNAMIRIM,Desobediência à sinalização,Colisão Transversal,Sem Vítimas        ,Pleno dia,Ceu Claro,Múltipla,Urbano,Motocicletas,Ileso       ,31.0,Masculino
83336370,01/04/2015,RN,101,PARNAMIRIM,Desobediência à sinalização,Colisão Transversal,Sem Vítimas        ,Pleno dia,Ceu Claro,Múltipla,Urbano,Automóvel,Ileso       ,28.0,Masculino
83336372,01/04/2015,RN,101,NATAL,Falta de atenção,Colisão traseira,Sem Vítimas        ,Pleno dia,Ceu Claro,Múltipla,Urbano,Caminhonete,Ileso       ,62.0,Masculino
83336372,01/04/2015,RN,101,NATAL,Falta de atenção,Colisão traseira,Sem Vítimas        ,Pleno dia,Ceu Claro,Múltipla,Urbano,Utilitário,Ileso       ,27.0,Masculino
83336386,01/04/2015,RN,304,MACAIBA,Animais na Pista,Capotamento,Com Vítimas Feridas,Pleno dia,Ceu Claro,Dupla   ,Rural ,Automóvel,Ferido Leve ,33.0,Masculino
83336386,01/04/2015,RN,304,MACAIBA,Animais na Pista,Capotamento,Com Vítimas Feridas,Pleno dia,Ceu Claro,Dupla   ,Rural ,Automóvel,Ileso       ,26.0,Masculino
83336386,01/04/2015,RN,304,MACAIBA,Animais na Pista,Capotamento,Com Vítimas Feridas,Pleno dia,Ceu Claro,Dupla   ,Rural ,Caminhonete,Ileso       ,53.0,Masculino
83336394,01/04/2015,RN,101,NATAL,Falta de atenção,Colisão traseira,Sem Vítimas        ,Anoitecer,Ceu Claro,Dupla   ,Urbano,Automóvel,Ileso       ,40.0,Masculino
83336394,01/04/2015,RN,101,NATAL,Falta de atenção,Colisão traseira,Sem Vítimas        ,Anoitecer,Ceu Claro,Dupla   ,Urbano,Automóvel,Ileso       ,49.0,Feminino
83336400,01/04/2015,RN,226,NATAL,Ingestão de álcool,Atropelamento de pessoa,Com Vítimas Feridas,Plena noite,Ceu Claro,Simples ,Urbano,Motocicletas,Ileso       ,40.0,Masculino
83336400,01/04/2015,RN,226,NATAL,Ingestão de álcool,Atropelamento de pessoa,Com Vítimas Feridas,Plena noite,Ceu Claro,Simples ,Urbano,(null),Ferido Grave,43.0,Masculino
83336457,01/04/2015,RN,101,NATAL,Falta de atenção,Colisão traseira,Sem Vítimas        ,Pleno dia,Sol,Dupla   ,Urbano,Automóvel,Ileso       ,36.0,Masculino
83336457,01/04/2015,RN,101,NATAL,Falta de atenção,Colisão traseira,Sem Vítimas        ,Pleno dia,Sol,Dupla   ,Urbano,Camioneta,Ileso       ,51.0,Feminino
83336524,18/03/2015,RN,101,NATAL,Outras,Queda de motocicleta / bicicleta / veículo,Com Vítimas Feridas,Plena noite,Ignorada,Dupla   ,Urbano,Motocicletas,Ferido Leve ,23.0,Masculino
83336528,01/04/2015,RN,405,FELIPE GUERRA,Outras,Colisão traseira,Sem Vítimas        ,Pleno dia,Ceu Claro,Simples ,Rural ,Caminhonete,Ileso       ,41.0,Masculino
83336528,01/04/2015,RN,405,FELIPE GUERRA,Outras,Colisão traseira,Sem Vítimas        ,Pleno dia,Ceu Claro,Simples ,Rural ,Caminhonete,Ileso       ,32.0,Masculino
83336530,01/04/2015,RN,304,MOSSORO,Não guardar distância de segurança,Colisão traseira,Sem Vítimas        ,Plena noite,Ceu Claro,Dupla   ,Urbano,Utilitário,Ileso       ,34.0,Masculino
83336530,01/04/2015,RN,304,MOSSORO,Não guardar distância de segurança,Colisão traseira,Sem Vítimas        ,Plena noite,Ceu Claro,Dupla   ,Urbano,Microônibus,Ileso       ,31.0,Masculino
83336553,02/04/2015,RN,101,SAO GONCALO DO AMARANTE,Não guardar distância de segurança,Colisão lateral,Sem Vítimas        ,Pleno dia,Ceu Claro,Dupla   ,Urbano,Ônibus,Ileso       ,37.0,Masculino
83336553,02/04/2015,RN,101,SAO GONCALO DO AMARANTE,Não guardar distância de segurança,Colisão lateral,Sem Vítimas        ,Pleno dia,Ceu Claro,Dupla   ,Urbano,Ônibus,Ileso       ,27.0,Masculino
83336620,02/04/2015,RN,101,NATAL,Falta de atenção,Colisão lateral,Sem Vítimas        ,Pleno dia,Ceu Claro,Simples ,Urbano,Automóvel,Ileso       ,34.0,Masculino
83336620,02/04/2015,RN,101,NATAL,Falta de atenção,Colisão lateral,Sem Vítimas        ,Pleno dia,Ceu Claro,Simples ,Urbano,Automóvel,Ileso       ,53.0,Masculino
83336623,02/04/2015,RN,101,PARNAMIRIM,Não guardar distância de segurança,Colisão traseira,Sem Vítimas        ,Pleno dia,Ceu Claro,Dupla   ,Urbano,Automóvel,Ileso       ,37.0,Masculino
83336623,02/04/2015,RN,101,PARNAMIRIM,Não guardar distância de segurança,Colisão traseira,Sem Vítimas        ,Pleno dia,Ceu Claro,Dupla   ,Urbano,Motocicletas,Ileso       ,26.0,Masculino
83336635,01/04/2015,RN,101,SAO GONCALO DO AMARANTE,Falta de atenção,Colisão traseira,Sem Vítimas        ,Pleno dia,Ceu Claro,Dupla   ,Urbano,Automóvel,Ileso       ,29.0,Feminino
83336635,01/04/2015,RN,101,SAO GONCALO DO AMARANTE,Falta de atenção,Colisão traseira,Sem Vítimas        ,Pleno dia,Ceu Claro,Dupla   ,Urbano,Automóvel,Ileso       ,25.0,Feminino
83336635,01/04/2015,RN,101,SAO GONCALO DO AMARANTE,Falta de atenção,Colisão traseira,Sem Vítimas        ,Pleno dia,Ceu Claro,Dupla   ,Urbano,Automóvel,Ileso       ,26.0,Feminino
83336638,02/04/2015,RN,101,NATAL,Não guardar distância de segurança,Colisão traseira,Sem Vítimas        ,Pleno dia,Nublado,Dupla   ,Urbano,Caminhonete,Ileso       ,48.0,Masculino
83336638,02/04/2015,RN,101,NATAL,Não guardar distância de segurança,Colisão traseira,Sem Vítimas        ,Pleno dia,Nublado,Dupla   ,Urbano,Automóvel,Ileso       ,47.0,Masculino
83336648,29/03/2015,RN,226,TANGARA,Outras,Saída de Pista,Com Vítimas Feridas,Pleno dia,Nublado,Simples ,Rural ,Automóvel,Ileso       ,29.0,Feminino
83336648,29/03/2015,RN,226,TANGARA,Outras,Saída de Pista,Com Vítimas Feridas,Pleno dia,Nublado,Simples ,Rural ,Automóvel,Ileso       ,33.0,Masculino
83336648,29/03/2015,RN,226,TANGARA,Outras,Saída de Pista,Com Vítimas Feridas,Pleno dia,Nublado,Simples ,Rural ,Automóvel,Ileso       ,4.0,Masculino
83336648,29/03/2015,RN,226,TANGARA,Outras,Saída de Pista,Com Vítimas Feridas,Pleno dia,Nublado,Simples ,Rural ,Automóvel,Ileso       ,10.0,Feminino
83336648,29/03/2015,RN,226,TANGARA,Outras,Saída de Pista,Com Vítimas Feridas,Pleno dia,Nublado,Simples ,Rural ,Automóvel,Ferido Leve ,1.0,Feminino
83336742,30/03/2015,RN,304,MOSSORO,Outras,Colisão traseira,Sem Vítimas        ,Pleno dia,Ceu Claro,Dupla   ,Urbano,Motocicletas,Ileso       ,55.0,Masculino
83336742,30/03/2015,RN,304,MOSSORO,Outras,Colisão traseira,Sem Vítimas        ,Pleno dia,Ceu Claro,Dupla   ,Urbano,Automóvel,Ileso       ,59.0,Masculino
83336758,02/04/2015,RN,101,NATAL,Falta de atenção,Colisão traseira,Sem Vítimas        ,Pleno dia,Ceu Claro,Dupla   ,Urbano,Automóvel,Ileso       ,36.0,Masculino
83336758,02/04/2015,RN,101,NATAL,Falta de atenção,Colisão traseira,Sem Vítimas        ,Pleno dia,Ceu Claro,Dupla   ,Urbano,Automóvel,Ileso       ,29.0,Masculino
83336763,02/04/2015,RN,101,NATAL,Falta de atenção,Colisão traseira,Sem Vítimas        ,Pleno dia,Ceu Claro,Simples ,Urbano,Automóvel,Ileso       ,49.0,Masculino
83336763,02/04/2015,RN,101,NATAL,Falta de atenção,Colisão traseira,Sem Vítimas        ,Pleno dia,Ceu Claro,Simples ,Urbano,Automóvel,Ileso       ,27.0,Feminino
83336780,02/04/2015,RN,101,PARNAMIRIM,Não guardar distância de segurança,Colisão traseira,Sem Vítimas        ,Pleno dia,Ceu Claro,Dupla   ,Urbano,Automóvel,Ileso       ,50.0,Masculino
83336780,02/04/2015,RN,101,PARNAMIRIM,Não guardar distância de segurança,Colisão traseira,Sem Vítimas        ,Pleno dia,Ceu Claro,Dupla   ,Urbano,Automóvel,Ileso       ,-1.0,Masculino
83336993,02/04/2015,RN,304,MACAIBA,Outras,Colisão Transversal,Sem Vítimas        ,Plena noite,Ceu Claro,Simples ,Urbano,Automóvel,Ileso       ,54.0,Masculino
83336993,02/04/2015,RN,304,MACAIBA,Outras,Colisão Transversal,Sem Vítimas        ,Plena noite,Ceu Claro,Simples ,Urbano,Automóvel,Ileso       ,-1.0,Masculino
83337037,30/03/2015,RN,101,PARNAMIRIM,Não guardar distância de segurança,Colisão traseira,Sem Vítimas        ,Pleno dia,Ceu Claro,Dupla   ,Urbano,Caminhonete,Ileso       ,54.0,Masculino
83337037,30/03/2015,RN,101,PARNAMIRIM,Não guardar distância de segurança,Colisão traseira,Sem Vítimas        ,Pleno dia,Ceu Claro,Dupla   ,Urbano,Automóvel,Ileso       ,32.0,Masculino
83337037,30/03/2015,RN,101,PARNAMIRIM,Não guardar distância de segurança,Colisão traseira,Sem Vítimas        ,Pleno dia,Ceu Claro,Dupla   ,Urbano,Automóvel,Ileso       ,54.0,Feminino
83337058,31/03/2015,RN,304,MOSSORO,Outras,Colisão frontal,Com Vítimas Fatais ,Plena noite,Ignorada,Simples ,Rural ,Motocicletas,Ferido Grave,22.0,Masculino
83337058,31/03/2015,RN,304,MOSSORO,Outras,Colisão frontal,Com Vítimas Fatais ,Plena noite,Ignorada,Simples ,Rural ,Motocicletas,Morto       ,27.0,Masculino
83337058,31/03/2015,RN,304,MOSSORO,Outras,Colisão frontal,Com Vítimas Fatais ,Plena noite,Ignorada,Simples ,Rural ,Não identificado,Ignorado    ,-1.0,Inválido
83337228,03/04/2015,RN,101,NATAL,Falta de atenção,Colisão traseira,Sem Vítimas        ,Pleno dia,Sol,Múltipla,Urbano,Automóvel,Ileso       ,32.0,Masculino
83337228,03/04/2015,RN,101,NATAL,Falta de atenção,Colisão traseira,Sem Vítimas        ,Pleno dia,Sol,Múltipla,Urbano,Automóvel,Ileso       ,35.0,Masculino
83337228,03/04/2015,RN,101,NATAL,Falta de atenção,Colisão traseira,Sem Vítimas        ,Pleno dia,Sol,Múltipla,Urbano,Automóvel,Ileso       ,39.0,Masculino
83337263,03/04/2015,RN,304,MACAIBA,Desobediência à sinalização,Colisão Transversal,Sem Vítimas        ,Pleno dia,Ceu Claro,Simples ,Urbano,Automóvel,Ileso       ,33.0,Masculino
83337263,03/04/2015,RN,304,MACAIBA,Desobediência à sinalização,Colisão Transversal,Sem Vítimas        ,Pleno dia,Ceu Claro,Simples ,Urbano,Automóvel,Ileso       ,46.0,Masculino
83337274,03/04/2015,RN,101,NATAL,Falta de atenção,Colisão traseira,Sem Vítimas        ,Plena noite,Ceu Claro,Dupla   ,Urbano,Automóvel,Ileso       ,33.0,Masculino
83337274,03/04/2015,RN,101,NATAL,Falta de atenção,Colisão traseira,Sem Vítimas        ,Plena noite,Ceu Claro,Dupla   ,Urbano,Automóvel,Ileso       ,23.0,Feminino
83337281,30/03/2015,RN,110,MOSSORO,Falta de atenção,Colisão lateral,Sem Vítimas        ,Pleno dia,Sol,Simples ,Urbano,Automóvel,Ileso       ,20.0,Feminino
83337281,30/03/2015,RN,110,MOSSORO,Falta de atenção,Colisão lateral,Sem Vítimas        ,Pleno dia,Sol,Simples ,Urbano,Caminhão,Ileso       ,44.0,Masculino
83337284,03/04/2015,RN,304,MOSSORO,Ingestão de álcool,Saída de Pista,Com Vítimas Feridas,Pleno dia,Nublado,Dupla   ,Urbano,Automóvel,Ferido Leve ,24.0,Masculino
83337284,03/04/2015,RN,304,MOSSORO,Ingestão de álcool,Saída de Pista,Com Vítimas Feridas,Pleno dia,Nublado,Dupla   ,Urbano,Automóvel,Ignorado    ,-1.0,Inválido
83337284,03/04/2015,RN,304,MOSSORO,Ingestão de álcool,Saída de Pista,Com Vítimas Feridas,Pleno dia,Nublado,Dupla   ,Urbano,Automóvel,Ignorado    ,-1.0,Inválido
83337309,03/04/2015,RN,304,MOSSORO,Outras,Saída de Pista,Com Vítimas Feridas,Plena noite,Nublado,Simples ,Urbano,Ciclomotor,Ferido Grave,44.0,Masculino
83337340,03/04/2015,RN,405,MOSSORO,Ingestão de álcool,Colisão frontal,Com Vítimas Fatais ,Plena noite,Ceu Claro,Dupla   ,Urbano,Automóvel,Ileso       ,38.0,Masculino
83337340,03/04/2015,RN,405,MOSSORO,Ingestão de álcool,Colisão frontal,Com Vítimas Fatais ,Plena noite,Ceu Claro,Dupla   ,Urbano,Motoneta,Morto       ,-1.0,Masculino
83337340,03/04/2015,RN,405,MOSSORO,Ingestão de álcool,Colisão frontal,Com Vítimas Fatais ,Plena noite,Ceu Claro,Dupla   ,Urbano,Motoneta,Ferido Grave,-1.0,Feminino
83337349,04/03/2015,RN,101,ARES,Defeito na via,Saída de Pista,Com Vítimas Feridas,Pleno dia,Ceu Claro,Dupla   ,Rural ,Automóvel,Ileso       ,29.0,Feminino
83337349,04/03/2015,RN,101,ARES,Defeito na via,Saída de Pista,Com Vítimas Feridas,Pleno dia,Ceu Claro,Dupla   ,Rural ,Automóvel,Ferido Leve ,6.0,Feminino
83337349,04/03/2015,RN,101,ARES,Defeito na via,Saída de Pista,Com Vítimas Feridas,Pleno dia,Ceu Claro,Dupla   ,Rural ,Automóvel,Ileso       ,38.0,Masculino
83337349,04/03/2015,RN,101,ARES,Defeito na via,Saída de Pista,Com Vítimas Feridas,Pleno dia,Ceu Claro,Dupla   ,Rural ,Automóvel,Ileso       ,-1.0,Masculino
83337349,04/03/2015,RN,101,ARES,Defeito na via,Saída de Pista,Com Vítimas Feridas,Pleno dia,Ceu Claro,Dupla   ,Rural ,Automóvel,Ferido Leve ,73.0,Feminino
83337462,03/04/2015,RN,304,ITAJA,Falta de atenção,Colisão Transversal,Sem Vítimas        ,Pleno dia,Ceu Claro,Simples ,Rural ,Automóvel,Ileso       ,25.0,Masculino
83337462,03/04/2015,RN,304,ITAJA,Falta de atenção,Colisão Transversal,Sem Vítimas        ,Pleno dia,Ceu Claro,Simples ,Rural ,Automóvel,Ileso       ,28.0,Masculino
83337536,04/04/2015,RN,101,NATAL,Não guardar distância de segurança,Colisão traseira,Sem Vítimas        ,Pleno dia,Sol,Múltipla,Urbano,Automóvel,Ileso       ,30.0,Masculino
83337536,04/04/2015,RN,101,NATAL,Não guardar distância de segurança,Colisão traseira,Sem Vítimas        ,Pleno dia,Sol,Múltipla,Urbano,Ônibus,Ileso       ,29.0,Masculino
83337536,04/04/2015,RN,101,NATAL,Não guardar distância de segurança,Colisão traseira,Sem Vítimas        ,Pleno dia,Sol,Múltipla,Urbano,Automóvel,Ignorado    ,-1.0,Inválido
83337581,04/04/2015,RN,304,MOSSORO,Falta de atenção,Saída de Pista,Sem Vítimas        ,Pleno dia,Ceu Claro,Dupla   ,Rural ,Automóvel,Ileso       ,25.0,Feminino
83337581,04/04/2015,RN,304,MOSSORO,Falta de atenção,Saída de Pista,Sem Vítimas        ,Pleno dia,Ceu Claro,Dupla   ,Rural ,Automóvel,Ileso       ,38.0,Feminino
83337581,04/04/2015,RN,304,MOSSORO,Falta de atenção,Saída de Pista,Sem Vítimas        ,Pleno dia,Ceu Claro,Dupla   ,Rural ,Automóvel,Ileso       ,10.0,Masculino
83337600,04/04/2015,RN,110,AREIA BRANCA,Falta de atenção,Colisão Transversal,Com Vítimas Feridas,Pleno dia,Sol,Simples ,Urbano,Automóvel,Ileso       ,44.0,Masculino
83337600,04/04/2015,RN,110,AREIA BRANCA,Falta de atenção,Colisão Transversal,Com Vítimas Feridas,Pleno dia,Sol,Simples ,Urbano,Motocicletas,Ferido Grave,42.0,Masculino
83337600,04/04/2015,RN,110,AREIA BRANCA,Falta de atenção,Colisão Transversal,Com Vítimas Feridas,Pleno dia,Sol,Simples ,Urbano,Automóvel,Ileso       ,-1.0,Feminino
83337718,04/04/2015,RN,304,MOSSORO,Outras,Colisão traseira,Sem Vítimas        ,Pleno dia,Ceu Claro,Dupla   ,Urbano,Automóvel,Ileso       ,21.0,Masculino
83337718,04/04/2015,RN,304,MOSSORO,Outras,Colisão traseira,Sem Vítimas        ,Pleno dia,Ceu Claro,Dupla   ,Urbano,Automóvel,Ileso       ,23.0,Masculino
83337771,02/04/2015,RN,304,MOSSORO,Animais na Pista,Atropelamento de animal,Sem Vítimas        ,Plena noite,Ceu Claro,Simples ,Rural ,Caminhonete,Ileso       ,41.0,Masculino
83337801,05/04/2015,RN,101,EXTREMOZ,Falta de atenção,Colisão Transversal,Sem Vítimas        ,Pleno dia,Ceu Claro,Simples ,Rural ,Automóvel,Ileso       ,39.0,Masculino
83337801,05/04/2015,RN,101,EXTREMOZ,Falta de atenção,Colisão Transversal,Sem Vítimas        ,Pleno dia,Ceu Claro,Simples ,Rural ,Automóvel,Ileso       ,57.0,Masculino
83337844,05/04/2015,RN,406,CEARA-MIRIM,Não guardar distância de segurança,Colisão traseira,Sem Vítimas        ,Pleno dia,Ceu Claro,Simples ,Urbano,Motocicletas,Ileso       ,23.0,Masculino
83337844,05/04/2015,RN,406,CEARA-MIRIM,Não guardar distância de segurança,Colisão traseira,Sem Vítimas        ,Pleno dia,Ceu Claro,Simples ,Urbano,Automóvel,Ileso       ,36.0,Masculino
83337895,05/04/2015,RN,101,SAO GONCALO DO AMARANTE,Não guardar distância de segurança,Colisão traseira,Sem Vítimas        ,Pleno dia,Ceu Claro,Simples ,Urbano,Automóvel,Ileso       ,39.0,Masculino
83337895,05/04/2015,RN,101,SAO GONCALO DO AMARANTE,Não guardar distância de segurança,Colisão traseira,Sem Vítimas        ,Pleno dia,Ceu Claro,Simples ,Urbano,Ônibus,Ileso       ,43.0,Masculino
83337898,02/04/2015,RN,304,MOSSORO,Outras,Colisão lateral,Sem Vítimas        ,Pleno dia,Ceu Claro,Dupla   ,Urbano,Caminhão,Ileso       ,29.0,Masculino
83337898,02/04/2015,RN,304,MOSSORO,Outras,Colisão lateral,Sem Vítimas        ,Pleno dia,Ceu Claro,Dupla   ,Urbano,Não identificado,Ignorado    ,-1.0,Inválido
83337903,05/04/2015,RN,101,GOIANINHA,Defeito na via,Colisão com objeto fixo,Com Vítimas Feridas,Pleno dia,Sol,Dupla   ,Rural ,Automóvel,Ferido Leve ,20.0,Feminino
83337903,05/04/2015,RN,101,GOIANINHA,Defeito na via,Colisão com objeto fixo,Com Vítimas Feridas,Pleno dia,Sol,Dupla   ,Rural ,Automóvel,Ferido Leve ,35.0,Feminino
83337903,05/04/2015,RN,101,GOIANINHA,Defeito na via,Colisão com objeto fixo,Com Vítimas Feridas,Pleno dia,Sol,Dupla   ,Rural ,Automóvel,Ferido Leve ,32.0,Masculino
83337954,05/04/2015,RN,304,MOSSORO,Falta de atenção,Colisão traseira,Sem Vítimas        ,Pleno dia,Ceu Claro,Simples ,Rural ,Caminhonete,Ileso       ,46.0,Masculino
83337954,05/04/2015,RN,304,MOSSORO,Falta de atenção,Colisão traseira,Sem Vítimas        ,Pleno dia,Ceu Claro,Simples ,Rural ,Automóvel,Ileso       ,35.0,Masculino
83337996,05/04/2015,RN,304,MOSSORO,Desobediência à sinalização,Colisão lateral,Sem Vítimas        ,Pleno dia,Ceu Claro,Dupla   ,Urbano,Automóvel,Ileso       ,35.0,Masculino
83337996,05/04/2015,RN,304,MOSSORO,Desobediência à sinalização,Colisão lateral,Sem Vítimas        ,Pleno dia,Ceu Claro,Dupla   ,Urbano,Automóvel,Ileso       ,42.0,Masculino
83337996,05/04/2015,RN,304,MOSSORO,Desobediência à sinalização,Colisão lateral,Sem Vítimas        ,Pleno dia,Ceu Claro,Dupla   ,Urbano,Automóvel,Ileso       ,32.0,Masculino
83338054,01/04/2015,RN,101,NATAL,Falta de atenção,Colisão lateral,Sem Vítimas        ,Anoitecer,Ceu Claro,Dupla   ,Urbano,Automóvel,Ileso       ,53.0,Feminino
83338054,01/04/2015,RN,101,NATAL,Falta de atenção,Colisão lateral,Sem Vítimas        ,Anoitecer,Ceu Claro,Dupla   ,Urbano,Ônibus,Ileso       ,42.0,Masculino
83338129,05/04/2015,RN,304,SANTA MARIA,Defeito mecânico em veículo,Capotamento,Sem Vítimas        ,Pleno dia,Ceu Claro,Simples ,Rural ,Automóvel,Ileso       ,38.0,Masculino
83338140,05/04/2015,RN,226,NATAL,Desobediência à sinalização,Colisão frontal,Com Vítimas Feridas,Plena noite,Ceu Claro,Simples ,Urbano,Automóvel,Ileso       ,45.0,Masculino
83338140,05/04/2015,RN,226,NATAL,Desobediência à sinalização,Colisão frontal,Com Vítimas Feridas,Plena noite,Ceu Claro,Simples ,Urbano,Motocicletas,Ferido Grave,29.0,Masculino