id,data_inversa,uf,br,municipio,causa_acidente,tipo_acidente,classificacao_acidente,fase_dia,condicao_metereologica,tipo_pista,uso_solo,tipo_veiculo,estado_fisico,idade,sexo
83346797,26/04/2015,RN,226,NATAL,Outras,Queda de motocicleta / bicicleta / veículo,Com Vítimas Feridas,Anoitecer,Ceu Claro,Simples ,Urbano,Motoneta,Ferido Grave,-1.0,Masculino
83346808,26/04/2015,RN,226,LAJES PINTADAS,Velocidade incompatível,Colisão lateral,Com Vítimas Feridas,Plena noite,Ceu Claro,Simples ,Rural ,Motocicletas,Ferido Grave,31.0,Masculino
83346808,26/04/2015,RN,226,LAJES PINTADAS,Velocidade incompatível,Colisão lateral,Com Vítimas Feridas,Plena noite,Ceu Claro,Simples ,Rural ,Não identificado,Ignorado    ,-1.0,Inválido
83346812,26/04/2015,RN,406,CEARA-MIRIM,Outras,Atropelamento de pessoa,Com Vítimas Fatais ,Anoitecer,Vento,Simples ,Urbano,(null),Morto       ,80.0,Feminino
83346812,26/04/2015,RN,406,CEARA-MIRIM,Outras,Atropelamento de pessoa,Com Vítimas Fatais ,Anoitecer,Vento,Simples ,Urbano,Automóvel,Ignorado    ,-1.0,Inválido
83346857,26/04/2015,RN,427,SERRA NEGRA DO NORTE,Outras,Colisão traseira,Com Vítimas Fatais ,Plena noite,Ceu Claro,Simples ,Urbano,Motocicletas,Morto       ,30.0,Masculino
83346857,26/04/2015,RN,427,SERRA NEGRA DO NORTE,Outras,Colisão traseira,Com Vítimas Fatais ,Plena noite,Ceu Claro,Simples ,Urbano,Motocicletas,Ileso       ,36.0,Masculino
83346857,26/04/2015,RN,427,SERRA NEGRA DO NORTE,Outras,Colisão traseira,Com Vítimas Fatais ,Plena noite,Ceu Claro,Simples ,Urbano,Motocicletas,Ferido Leve ,-1.0,Feminino
83346915,23/04/2015,RN,101,NATAL,Não guardar distância de segurança,Colisão traseira,Sem Vítimas        ,Pleno dia,Nublado,Dupla   ,Urbano,Automóvel,Ileso       ,19.0,Masculino
83346915,23/04/2015,RN,101,NATAL,Não guardar distância de segurança,Colisão traseira,Sem Vítimas        ,Pleno dia,Nublado,Dupla   ,Urbano,Automóvel,Ileso       ,29.0,Feminino
83346915,23/04/2015,RN,101,NATAL,Não guardar distância de segurança,Colisão traseira,Sem Vítimas        ,Pleno dia,Nublado,Dupla   ,Urbano,Automóvel,Ileso       ,40.0,Masculino
83346928,23/04/2015,RN,101,PARNAMIRIM,Não guardar distância de segurança,Colisão traseira,Sem Vítimas        ,Pleno dia,Nublado,Dupla   ,Urbano,Caminhonete,Ileso       ,42.0,Masculino
83346928,23/04/2015,RN,101,PARNAMIRIM,Não guardar distância de segurança,Colisão traseira,Sem Vítimas        ,Pleno dia,Nublado,Dupla   ,Urbano,Automóvel,Ileso       ,35.0,Feminino
83346928,23/04/2015,RN,101,PARNAMIRIM,Não guardar distância de segurança,Colisão traseira,Sem Vítimas        ,Pleno dia,Nublado,Dupla   ,Urbano,Automóvel,Ileso       ,40.0,Feminino
83346934,25/04/2015,RN,304,MOSSORO,Ingestão de álcool,Colisão traseira,Sem Vítimas        ,Plena noite,Sol,Dupla   ,Urbano,Automóvel,Ileso       ,22.0,Masculino
83346934,25/04/2015,RN,304,MOSSORO,Ingestão de álcool,Colisão traseira,Sem Vítimas        ,Plena noite,Sol,Dupla   ,Urbano,Ciclomotor,Ileso       ,-1.0,Masculino
83346942,23/04/2015,RN,101,GOIANINHA,Velocidade incompatível,Capotamento,Com Vítimas Feridas,Pleno dia,Chuva,Dupla   ,Rural ,Automóvel,Ferido Grave,47.0,Masculino
83346976,27/04/2015,RN,226,MACAIBA,Não guardar distância de segurança,Colisão traseira,Sem Vítimas        ,Pleno dia,Ceu Claro,Simples ,Rural ,Automóvel,Ileso       ,33.0,Feminino
83346976,27/04/2015,RN,226,MACAIBA,Não guardar distância de segurança,Colisão traseira,Sem Vítimas        ,Pleno dia,Ceu Claro,Simples ,Rural ,Automóvel,Ileso       ,49.0,Masculino
83346976,27/04/2015,RN,226,MACAIBA,Não guardar distância de segurança,Colisão traseira,Sem Vítimas        ,Pleno dia,Ceu Claro,Simples ,Rural ,Automóvel,Ileso       ,31.0,Masculino
83346976,27/04/2015,RN,226,MACAIBA,Não guardar distância de segurança,Colisão traseira,Sem Vítimas        ,Pleno dia,Ceu Claro,Simples ,Rural ,Automóvel,Ileso       ,24.0,Masculino
83347060,27/04/2015,RN,406,TAIPU,Falta de atenção,Colisão traseira,Sem Vítimas        ,Pleno dia,Ceu Claro,Simples ,Rural ,Camioneta,Ileso       ,37.0,Masculino
83347060,27/04/2015,RN,406,TAIPU,Falta de atenção,Colisão traseira,Sem Vítimas        ,Pleno dia,Ceu Claro,Simples ,Rural ,Automóvel,Ileso       ,39.0,Masculino
83347089,27/04/2015,RN,101,NATAL,Falta de atenção,Colisão traseira,Sem Vítimas        ,Pleno dia,Ceu Claro,Dupla   ,Urbano,Automóvel,Ileso       ,27.0,Masculino
83347089,27/04/2015,RN,101,NATAL,Falta de atenção,Colisão traseira,Sem Vítimas        ,Pleno dia,Ceu Claro,Dupla   ,Urbano,Automóvel,Ileso       ,55.0,Masculino
83347099,27/04/2015,RN,101,NATAL,Outras,Colisão traseira,Sem Vítimas        ,Pleno dia,Ceu Claro,Múltipla,Urbano,Utilitário,Ileso       ,24.0,Masculino
83347099,27/04/2015,RN,101,NATAL,Outras,Colisão traseira,Sem Vítimas        ,Pleno dia,Ceu Claro,Múltipla,Urbano,Automóvel,Ileso       ,66.0,Masculino
83347120,26/04/2015,RN,304,ANGICOS,Animais na Pista,Atropelamento de animal,Sem Vítimas        ,Plena noite,Ceu Claro,Simples ,Rural ,Utilitário,Ileso       ,32.0,Masculino
83347169,24/04/2015,RN,427,CURRAIS NOVOS,Outras,Colisão com bicicleta,Com Vítimas Feridas,Pleno dia,Ceu Claro,Simples ,Urbano,Automóvel,Ignorado    ,-1.0,Inválido
83347169,24/04/2015,RN,427,CURRAIS NOVOS,Outras,Colisão com bicicleta,Com Vítimas Feridas,Pleno dia,Ceu Claro,Simples ,Urbano,Bicicleta,Ferido Grave,29.0,Masculino
83347210,27/04/2015,RN,405,GOVERNADOR DIX-SEPT ROSADO,Falta de atenção,Colisão Transversal,Com Vítimas Feridas,Pleno dia,Nublado,Simples ,Rural ,Utilitário,Ileso       ,28.0,Feminino
83347210,27/04/2015,RN,405,GOVERNADOR DIX-SEPT ROSADO,Falta de atenção,Colisão Transversal,Com Vítimas Feridas,Pleno dia,Nublado,Simples ,Rural ,Caminhonete,Ileso       ,46.0,Masculino
83347210,27/04/2015,RN,405,GOVERNADOR DIX-SEPT ROSADO,Falta de atenção,Colisão Transversal,Com Vítimas Feridas,Pleno dia,Nublado,Simples ,Rural ,Utilitário,Ferido Leve ,49.0,Masculino
83347210,27/04/2015,RN,405,GOVERNADOR DIX-SEPT ROSADO,Falta de atenção,Colisão Transversal,Com Vítimas Feridas,Pleno dia,Nublado,Simples ,Rural ,Não identificado,Ignorado    ,-1.0,Inválido
83347360,28/04/2015,RN,406,SAO GONCALO DO AMARANTE,Falta de atenção,Colisão lateral,Sem Vítimas        ,Pleno dia,Ceu Claro,Simples ,Rural ,Motocicletas,Ileso       ,39.0,Masculino
83347360,28/04/2015,RN,406,SAO GONCALO DO AMARANTE,Falta de atenção,Colisão lateral,Sem Vítimas        ,Pleno dia,Ceu Claro,Simples ,Rural ,Motocicletas,Ileso       ,46.0,Masculino
83347463,28/04/2015,RN,304,MOSSORO,Falta de atenção,Colisão traseira,Sem Vítimas        ,Pleno dia,Ceu Claro,Simples ,Urbano,Motocicletas,Ileso       ,36.0,Masculino
83347463,28/04/2015,RN,304,MOSSORO,Falta de atenção,Colisão traseira,Sem Vítimas        ,Pleno dia,Ceu Claro,Simples ,Urbano,Automóvel,Ileso       ,42.0,Masculino
83347468,28/04/2015,RN,101,NATAL,Falta de atenção,Colisão traseira,Sem Vítimas        ,Pleno dia,Ceu Claro,Dupla   ,Urbano,Automóvel,Ileso       ,28.0,Masculino
83347468,28/04/2015,RN,101,NATAL,Falta de atenção,Colisão traseira,Sem Vítimas        ,Pleno dia,Ceu Claro,Dupla   ,Urbano,Automóvel,Ileso       ,28.0,Masculino
83347468,28/04/2015,RN,101,NATAL,Falta de atenção,Colisão traseira,Sem Vítimas        ,Pleno dia,Ceu Claro,Dupla   ,Urbano,Automóvel,Ileso       ,21.0,Masculino
83347481,28/04/2015,RN,101,NATAL,Outras,Queda de motocicleta / bicicleta / veículo,Com Vítimas Feridas,Pleno dia,Ceu Claro,Dupla   ,Urbano,Ciclomotor,Ferido Leve ,20.0,Masculino
83347541,28/04/2015,RN,101,PARNAMIRIM,Não guardar distância de segurança,Colisão traseira,Sem Vítimas        ,Pleno dia,Sol,Múltipla,Urbano,Camioneta,Ileso       ,71.0,Masculino
83347541,28/04/2015,RN,101,PARNAMIRIM,Não guardar distância de segurança,Colisão traseira,Sem Vítimas        ,Pleno dia,Sol,Múltipla,Urbano,Automóvel,Ileso       ,22.0,Feminino
83347541,28/04/2015,RN,101,PARNAMIRIM,Não guardar distância de segurança,Colisão traseira,Sem Vítimas        ,Pleno dia,Sol,Múltipla,Urbano,Automóvel,Ignorado    ,-1.0,Inválido
83347549,28/04/2015,RN,101,GOIANINHA,Falta de atenção,Colisão Transversal,Sem Vítimas        ,Pleno dia,Sol,Múltipla,Urbano,Automóvel,Ileso       ,53.0,Feminino
83347549,28/04/2015,RN,101,GOIANINHA,Falta de atenção,Colisão Transversal,Sem Vítimas        ,Pleno dia,Sol,Múltipla,Urbano,Automóvel,Ileso       ,44.0,Masculino
83347618,24/04/2015,RN,304,MOSSORO,Ingestão de álcool,Colisão traseira,Sem Vítimas        ,Plena noite,Ceu Claro,Simples ,Rural ,Automóvel,Ileso       ,19.0,Masculino
83347618,24/04/2015,RN,304,MOSSORO,Ingestão de álcool,Colisão traseira,Sem Vítimas        ,Plena noite,Ceu Claro,Simples ,Rural ,Caminhão,Ileso       ,34.0,Masculino
83347618,24/04/2015,RN,304,MOSSORO,Ingestão de álcool,Colisão traseira,Sem Vítimas        ,Plena noite,Ceu Claro,Simples ,Rural ,Automóvel,Ileso       ,19.0,Masculino
83347686,25/04/2015,RN,101,NATAL,Falta de atenção,Colisão lateral,Sem Vítimas        ,Pleno dia,Sol,Múltipla,Urbano,Automóvel,Ileso       ,32.0,Masculino
83347686,25/04/2015,RN,101,NATAL,Falta de atenção,Colisão lateral,Sem Vítimas        ,Pleno dia,Sol,Múltipla,Urbano,Ônibus,Ileso       ,37.0,Masculino
83347693,27/04/2015,RN,101,NATAL,Outras,Colisão lateral,Sem Vítimas        ,Pleno dia,Ceu Claro,Dupla   ,Urbano,Ônibus,Ileso       ,35.0,Masculino
83347693,27/04/2015,RN,101,NATAL,Outras,Colisão lateral,Sem Vítimas        ,Pleno dia,Ceu Claro,Dupla   ,Urbano,Automóvel,Ileso       ,30.0,Masculino
83347734,29/04/2015,RN,101,NATAL,Falta de atenção,Colisão traseira,Sem Vítimas        ,Pleno dia,Nublado,Múltipla,Urbano,Caminhonete,Ileso       ,33.0,Masculino
83347734,29/04/2015,RN,101,NATAL,Falta de atenção,Colisão traseira,Sem Vítimas        ,Pleno dia,Nublado,Múltipla,Urbano,Automóvel,Ileso       ,25.0,Masculino
83347734,29/04/2015,RN,101,NATAL,Falta de atenção,Colisão traseira,Sem Vítimas        ,Pleno dia,Nublado,Múltipla,Urbano,Automóvel,Ileso       ,32.0,Masculino
83347751,29/04/2015,RN,226,CURRAIS NOVOS,Defeito mecânico em veículo,Colisão traseira,Sem Vítimas        ,Pleno dia,Ceu Claro,Simples ,Rural ,Caminhão,Ileso       ,49.0,Masculino
83347751,29/04/2015,RN,226,CURRAIS NOVOS,Defeito mecânico em veículo,Colisão traseira,Sem Vítimas        ,Pleno dia,Ceu Claro,Simples ,Rural ,Caminhão,Ileso       ,30.0,Masculino
83347785,29/04/2015,RN,101,PARNAMIRIM,Não guardar distância de segurança,Colisão traseira,Com Vítimas Feridas,Pleno dia,Sol,Dupla   ,Urbano,Automóvel,Ileso       ,37.0,Masculino
83347785,29/04/2015,RN,101,PARNAMIRIM,Não guardar distância de segurança,Colisão traseira,Com Vítimas Feridas,Pleno dia,Sol,Dupla   ,Urbano,Motocicletas,Ferido Leve ,23.0,Masculino
83347785,29/04/2015,RN,101,PARNAMIRIM,Não guardar distância de segurança,Colisão traseira,Com Vítimas Feridas,Pleno dia,Sol,Dupla   ,Urbano,Motocicletas,Ferido Leve ,24.0,Feminino
83347821,24/04/2015,RN,304,MACAIBA,Falta de atenção,Colisão lateral,Sem Vítimas        ,Pleno dia,Ceu Claro,Simples ,Urbano,Automóvel,Ileso       ,-1.0,Masculino
83347821,24/04/2015,RN,304,MACAIBA,Falta de atenção,Colisão lateral,Sem Vítimas        ,Pleno dia,Ceu Claro,Simples ,Urbano,Automóvel,Ileso       ,-1.0,Masculino
83347837,29/04/2015,RN,101,NATAL,Não guardar distância de segurança,Colisão traseira,Sem Vítimas        ,Pleno dia,Chuva,Dupla   ,Urbano,Automóvel,Ileso       ,30.0,Feminino
83347837,29/04/2015,RN,101,NATAL,Não guardar distância de segurança,Colisão traseira,Sem Vítimas        ,Pleno dia,Chuva,Dupla   ,Urbano,Automóvel,Ileso       ,23.0,Masculino
83347861,29/04/2015,RN,101,NATAL,Falta de atenção,Colisão traseira,Sem Vítimas        ,Pleno dia,Sol,Múltipla,Urbano,Automóvel,Ileso       ,20.0,Feminino
83347861,29/04/2015,RN,101,NATAL,Falta de atenção,Colisão traseira,Sem Vítimas        ,Pleno dia,Sol,Múltipla,Urbano,Automóvel,Ileso       ,36.0,Feminino
83347874,29/04/2015,RN,226,TANGARA,Outras,Colisão lateral,Sem Vítimas        ,Pleno dia,Ceu Claro,Simples ,Rural ,Automóvel,Ileso       ,67.0,Masculino
83347874,29/04/2015,RN,226,TANGARA,Outras,Colisão lateral,Sem Vítimas        ,Pleno dia,Ceu Claro,Simples ,Rural ,Caminhonete,Ileso       ,80.0,Masculino
83348032,29/04/2015,RN,101,PARNAMIRIM,Não guardar distância de segurança,Colisão Transversal,Sem Vítimas        ,Pleno dia,Sol,Dupla   ,Urbano,Automóvel,Ileso       ,42.0,Masculino
83348032,29/04/2015,RN,101,PARNAMIRIM,Não guardar distância de segurança,Colisão Transversal,Sem Vítimas        ,Pleno dia,Sol,Dupla   ,Urbano,Automóvel,Ileso       ,44.0,Masculino
83348066,27/04/2015,RN,304,MACAIBA,Falta de atenção,Colisão traseira,Sem Vítimas        ,Pleno dia,Chuva,Simples ,Rural ,Automóvel,Ileso       ,24.0,Masculino
83348066,27/04/2015,RN,304,MACAIBA,Falta de atenção,Colisão traseira,Sem Vítimas        ,Pleno dia,Chuva,Simples ,Rural ,Automóvel,Ileso       ,58.0,Masculino
83348089,26/04/2015,RN,101,PARNAMIRIM,Outras,Queda de motocicleta / bicicleta / veículo,Com Vítimas Feridas,Plena noite,Ceu Claro,Dupla   ,Urbano,Motocicletas,Ferido Grave,24.0,Masculino
83348089,26/04/2015,RN,101,PARNAMIRIM,Outras,Queda de motocicleta / bicicleta / veículo,Com Vítimas Feridas,Plena noite,Ceu Claro,Dupla   ,Urbano,Motocicletas,Ferido Leve ,20.0,Feminino
83348245,30/04/2015,RN,101,NATAL,Falta de atenção,Colisão traseira,Sem Vítimas        ,Pleno dia,Ceu Claro,Dupla   ,Urbano,Automóvel,Ileso       ,28.0,Feminino
83348245,30/04/2015,RN,101,NATAL,Falta de atenção,Colisão traseira,Sem Vítimas        ,Pleno dia,Ceu Claro,Dupla   ,Urbano,Automóvel,Ileso       ,28.0,Masculino
83348252,27/04/2015,RN,304,MACAIBA,Desobediência à sinalização,Colisão lateral,Com Vítimas Feridas,Pleno dia,Ceu Claro,Simples ,Urbano,Camioneta,Ileso       ,-1.0,Masculino
83348252,27/04/2015,RN,304,MACAIBA,Desobediência à sinalização,Colisão lateral,Com Vítimas Feridas,Pleno dia,Ceu Claro,Simples ,Urbano,Motoneta,Ileso       ,-1.0,Feminino
83348252,27/04/2015,RN,304,MACAIBA,Desobediência à sinalização,Colisão lateral,Com Vítimas Feridas,Pleno dia,Ceu Claro,Simples ,Urbano,Motoneta,Ferido Grave,11.0,Feminino
83348327,28/04/2015,RN,226,PAU DOS FERROS,Falta de atenção,Colisão traseira,Com Vítimas Feridas,Plena noite,Ceu Claro,Simples ,Rural ,Automóvel,Ileso       ,36.0,Masculino
83348327,28/04/2015,RN,226,PAU DOS FERROS,Falta de atenção,Colisão traseira,Com Vítimas Feridas,Plena noite,Ceu Claro,Simples ,Rural ,Motocicletas,Ferido Leve ,37.0,Masculino
83348421,30/04/2015,RN,101,CANGUARETAMA,Animais na Pista,Colisão com objeto fixo,Sem Vítimas        ,Plena noite,Ceu Claro,Dupla   ,Rural ,Automóvel,Ileso       ,40.0,Masculino
83348494,30/04/2015,RN,226,SANTA CRUZ,Dormindo,Colisão lateral,Sem Vítimas        ,Anoitecer,Ceu Claro,Simples ,Rural ,Automóvel,Ileso       ,42.0,Masculino
83348494,30/04/2015,RN,226,SANTA CRUZ,Dormindo,Colisão lateral,Sem Vítimas        ,Anoitecer,Ceu Claro,Simples ,Rural ,Automóvel,Ileso       ,51.0,Masculino
83348494,30/04/2015,RN,226,SANTA CRUZ,Dormindo,Colisão lateral,Sem Vítimas        ,Anoitecer,Ceu Claro,Simples ,Rural ,Automóvel,Ileso       ,24.0,Masculino
83348517,30/04/2015,RN,405,APODI,Animais na Pista,Atropelamento de animal,Sem Vítimas        ,Pleno dia,Ignorada,Simples ,Rural ,Automóvel,Ileso       ,32.0,Masculino
83348552,16/04/2015,RN,406,SAO GONCALO DO AMARANTE,Ingestão de álcool,Colisão traseira,Com Vítimas Feridas,Plena noite,Ceu Claro,Simples ,Rural ,Automóvel,Ileso       ,41.0,Masculino
83348552,16/04/2015,RN,406,SAO GONCALO DO AMARANTE,Ingestão de álcool,Colisão traseira,Com Vítimas Feridas,Plena noite,Ceu Claro,Simples ,Rural ,Motocicletas,Ferido Leve ,31.0,Masculino
83348565,30/04/2015,RN,101,PARNAMIRIM,Falta de atenção,Colisão lateral,Com Vítimas Feridas,Anoitecer,Ceu Claro,Dupla   ,Urbano,Motocicletas,Ferido Leve ,32.0,Masculino
83348565,30/04/2015,RN,101,PARNAMIRIM,Falta de atenção,Colisão lateral,Com Vítimas Feridas,Anoitecer,Ceu Claro,Dupla   ,Urbano,Caminhão,Ignorado    ,-1.0,Inválido
83348616,15/04/2015,RN,101,CEARA-MIRIM,Não guardar distância de segurança,Colisão traseira,Com Vítimas Feridas,Pleno dia,Ceu Claro,Simples ,Rural ,Motocicletas,Ferido Grave,29.0,Masculino
83348616,15/04/2015,RN,101,CEARA-MIRIM,Não guardar distância de segurança,Colisão traseira,Com Vítimas Feridas,Pleno dia,Ceu Claro,Simples ,Rural ,Automóvel,Ileso       ,-1.0,Masculino
83348775,01/05/2015,RN,110,MOSSORO,Ingestão de álcool,Colisão traseira,Sem Vítimas        ,Pleno dia,Sol,Simples ,Urbano,Automóvel,Ileso       ,32.0,Masculino
83348775,01/05/2015,RN,110,MOSSORO,Ingestão de álcool,Colisão traseira,Sem Vítimas        ,Pleno dia,Sol,Simples ,Urbano,Automóvel,Ileso       ,31.0,Masculino
83348794,01/05/2015,RN,226,NATAL,Ingestão de álcool,Colisão frontal,Sem Vítimas        ,Anoitecer,Chuva,Simples ,Urbano,Automóvel,Ignorado    ,-1.0,Masculino
83348794,01/05/2015,RN,226,NATAL,Ingestão de álcool,Colisão frontal,Sem Vítimas        ,Anoitecer,Chuva,Simples ,Urbano,Automóvel,Ileso       ,46.0,Masculino
83348862,01/05/2015,RN,110,MOSSORO,Falta de atenção,Colisão traseira,Sem Vítimas        ,Plena noite,Ceu Claro,Simples ,Urbano,Automóvel,Ileso       ,29.0,Masculino
83348862,01/05/2015,RN,110,MOSSORO,Falta de atenção,Colisão traseira,Sem Vítimas        ,Plena noite,Ceu Claro,Simples ,Urbano,Automóvel,Ileso       ,27.0,Feminino
83348862,01/05/2015,RN,110,MOSSORO,Falta de atenção,Colisão traseira,Sem Vítimas        ,Plena noite,Ceu Claro,Simples ,Urbano,Automóvel,Ileso       ,30.0,Masculino
83348951,28/04/2015,RN,101,NATAL,Falta de atenção,Colisão lateral,Sem Vítimas        ,Plena noite,Ceu Claro,Dupla   ,Urbano,Caminhonete,Ileso       ,61.0,Masculino
83348951,28/04/2015,RN,101,NATAL,Falta de atenção,Colisão lateral,Sem Vítimas        ,Plena noite,Ceu Claro,Dupla   ,Urbano,Automóvel,Ileso       ,28.0,Masculino
83349184,02/05/2015,RN,101,NATAL,Outras,Colisão lateral,Sem Vítimas        ,Anoitecer,Nublado,Múltipla,Urbano,Automóvel,Ileso       ,-1.0,Masculino
83349184,02/05/2015,RN,101,NATAL,Outras,Colisão lateral,Sem Vítimas        ,Anoitecer,Nublado,Múltipla,Urbano,Motocicletas,Ileso       ,28.0,Masculino
83349201,02/05/2015,RN,304,ASSU,Outras,Colisão frontal,Com Vítimas Fatais ,Pleno dia,Nublado,Simples ,Rural ,Caminhão,Ileso       ,46.0,Masculino
83349201,02/05/2015,RN,304,ASSU,Outras,Colisão frontal,Com Vítimas Fatais ,Pleno dia,Nublado,Simples ,Rural ,Automóvel,Morto       ,21.0,Feminino
83349235,03/05/2015,RN,304,PARNAMIRIM,Animais na Pista,Atropelamento de animal,Sem Vítimas        ,Plena noite,Nublado,Dupla   ,Rural ,Caminhão,Ileso       ,28.0,Masculino
83349284,30/04/2015,RN,101,NATAL,Não guardar distância de segurança,Colisão traseira,Sem Vítimas        ,Plena noite,Ceu Claro,Dupla   ,Urbano,Automóvel,Ileso       ,35.0,Masculino
83349284,30/04/2015,RN,101,NATAL,Não guardar distância de segurança,Colisão traseira,Sem Vítimas        ,Plena noite,Ceu Claro,Dupla   ,Urbano,Automóvel,Ileso       ,28.0,Masculino
83349298,29/04/2015,RN,405,APODI,Falta de atenção,Colisão traseira,Com Vítimas Fatais ,Plena noite,Ceu Claro,Simples ,Rural ,Caminhão,Ileso       ,-1.0,Masculino
83349298,29/04/2015,RN,405,APODI,Falta de atenção,Colisão traseira,Com Vítimas Fatais ,Plena noite,Ceu Claro,Simples ,Rural ,Motocicletas,Morto       ,58.0,Masculino
83349312,18/04/2015,RN,101,NATAL,Não guardar distância de segurança,Colisão traseira,Com Vítimas Feridas,Pleno dia,Ceu Claro,Dupla   ,Urbano,Ciclomotor,Ferido Grave,32.0,Masculino
83349312,18/04/2015,RN,101,NATAL,Não guardar distância de segurança,Colisão traseira,Com Vítimas Feridas,Pleno dia,Ceu Claro,Dupla   ,Urbano,Ônibus,Ileso       ,36.0,Masculino
83349312,18/04/2015,RN,101,NATAL,Não guardar distância de segurança,Colisão traseira,Com Vítimas Feridas,Pleno dia,Ceu Claro,Dupla   ,Urbano,Automóvel,Ileso       ,40.0,Feminino
83349312,18/04/2015,RN,101,NATAL,Não guardar distância de segurança,Colisão traseira,Com Vítimas Feridas,Pleno dia,Ceu Claro,Dupla   ,Urbano,Ônibus,Ileso       ,38.0,Masculino
83349361,28/04/2015,RN,101,EXTREMOZ,Outras,Capotamento,Com Vítimas Feridas,Pleno dia,Ceu Claro,Simples ,Rural ,Caminhonete,Ferido Leve ,19.0,Masculino
83349361,28/04/2015,RN,101,EXTREMOZ,Outras,Capotamento,Com Vítimas Feridas,Pleno dia,Ceu Claro,Simples ,Rural ,Caminhonete,Ferido Grave,31.0,Feminino
83349361,28/04/2015,RN,101,EXTREMOZ,Outras,Capotamento,Com Vítimas Feridas,Pleno dia,Ceu Claro,Simples ,Rural ,Caminhonete,Ferido Grave,34.0,Masculino
83349377,03/05/2015,RN,101,SAO GONCALO DO AMARANTE,Falta de atenção,Colisão traseira,Sem Vítimas        ,Pleno dia,Nublado,Dupla   ,Urbano,Não identificado,Ignorado    ,-1.0,Inválido
83349377,03/05/2015,RN,101,SAO GONCALO DO AMARANTE,Falta de atenção,Colisão traseira,Sem Vítimas        ,Pleno dia,Nublado,Dupla   ,Urbano,Automóvel,Ileso       ,41.0,Masculino
83349377,03/05/2015,RN,101,SAO GONCALO DO AMARANTE,Falta de atenção,Colisão traseira,Sem Vítimas        ,Pleno dia,Nublado,Dupla   ,Urbano,Automóvel,Ileso       ,48.0,Masculino
83349379,03/05/2015,RN,101,SAO GONCALO DO AMARANTE,Outras,Colisão lateral,Sem Vítimas        ,Pleno dia,Nublado,Dupla   ,Urbano,Automóvel,Ileso       ,66.0,Masculino
83349379,03/05/2015,RN,101,SAO GONCALO DO AMARANTE,Outras,Colisão lateral,Sem Vítimas        ,Pleno dia,Nublado,Dupla   ,Urbano,Microônibus,Ileso       ,42.0,Masculino
83349440,03/05/2015,RN,101,SAO JOSE DE MIPIBU,Defeito mecânico em veículo,Capotamento,Com Vítimas Feridas,Pleno dia,Sol,Dupla   ,Rural ,Automóvel,Ferido Leve ,31.0,Masculino
83349448,19/04/2015,RN,101,RIO DO FOGO,Ingestão de álcool,Saída de Pista,Sem Vítimas        ,Amanhecer,Ceu Claro,Simples ,Rural ,Automóvel,Ileso       ,61.0,Masculino
83349448,19/04/2015,RN,101,RIO DO FOGO,Ingestão de álcool,Saída de Pista,Sem Vítimas        ,Amanhecer,Ceu Claro,Simples ,Rural ,Automóvel,Ileso       ,61.0,Masculino
83349525,03/05/2015,RN,304,MOSSORO,Falta de atenção,Colisão traseira,Sem Vítimas        ,Pleno dia,Nublado,Simples ,Rural ,Automóvel,Ileso       ,21.0,Masculino
83349525,03/05/2015,RN,304,MOSSORO,Falta de atenção,Colisão traseira,Sem Vítimas        ,Pleno dia,Nublado,Simples ,Rural ,Automóvel,Ileso       ,36.0,Feminino
83349551,03/05/2015,RN,101,SAO GONCALO DO AMARANTE,Não guardar distância de segurança,Colisão traseira,Sem Vítimas        ,Pleno dia,Ceu Claro,Dupla   ,Urbano,Automóvel,Ileso       ,57.0,Masculino
83349551,03/05/2015,RN,101,SAO GONCALO DO AMARANTE,Não guardar distância de segurança,Colisão traseira,Sem Vítimas        ,Pleno dia,Ceu Claro,Dupla   ,Urbano,Automóvel,Ileso       ,58.0,Masculino
83349553,29/04/2015,RN,101,NATAL,Outras,Colisão traseira,Sem Vítimas        ,Pleno dia,Ceu Claro,Múltipla,Urbano,Caminhonete,Ileso       ,37.0,Masculino
83349553,29/04/2015,RN,101,NATAL,Outras,Colisão traseira,Sem Vítimas        ,Pleno dia,Ceu Claro,Múltipla,Urbano,Automóvel,Ileso       ,36.0,Masculino
83349576,03/05/2015,RN,101,NATAL,Não guardar distância de segurança,Colisão traseira,Sem Vítimas        ,Plena noite,Ceu Claro,Dupla   ,Urbano,Automóvel,Ileso       ,46.0,Masculino
83349576,03/05/2015,RN,101,NATAL,Não guardar distância de segurança,Colisão traseira,Sem Vítimas        ,Plena noite,Ceu Claro,Dupla   ,Urbano,Automóvel,Ileso       ,29.0,Masculino