id,data_inversa,uf,br,municipio,causa_acidente,tipo_acidente,classificacao_acidente,fase_dia,condicao_metereologica,tipo_pista,uso_solo,tipo_veiculo,estado_fisico,idade,sexo
83349633,03/05/2015,RN,101,NATAL,Dormindo,Colisão traseira,Sem Vítimas        ,Plena noite,Ceu Claro,Dupla   ,Urbano,Automóvel,Ileso       ,-1.0,Masculino
83349633,03/05/2015,RN,101,NATAL,Dormindo,Colisão traseira,Sem Vítimas        ,Plena noite,Ceu Claro,Dupla   ,Urbano,Automóvel,Ileso       ,-1.0,Masculino
83349689,04/05/2015,RN,304,MOSSORO,Outras,Capotamento,Com Vítimas Feridas,Plena noite,Ceu Claro,Dupla   ,Urbano,Automóvel,Ferido Grave,25.0,Masculino
83349705,04/05/2015,RN,406,SAO GONCALO DO AMARANTE,Falta de atenção,Colisão Transversal,Com Vítimas Feridas,Amanhecer,Chuva,Simples ,Urbano,Motoneta,Ferido Grave,21.0,Feminino
83349705,04/05/2015,RN,406,SAO GONCALO DO AMARANTE,Falta de atenção,Colisão Transversal,Com Vítimas Feridas,Amanhecer,Chuva,Simples ,Urbano,Automóvel,Ignorado    ,-1.0,Inválido
83349736,04/05/2015,RN,304,IELMO MARINHO,Animais na Pista,Atropelamento de animal,Sem Vítimas        ,Amanhecer,Nevoeiro/neblina,Simples ,Rural ,Automóvel,Ileso       ,36.0,Masculino
83349763,04/05/2015,RN,101,CANGUARETAMA,Outras,Colisão com objeto fixo,Sem Vítimas        ,Pleno dia,Chuva,Dupla   ,Rural ,Automóvel,Ileso       ,26.0,Masculino
83349779,02/05/2015,RN,304,ASSU,Não guardar distância de segurança,Colisão traseira,Sem Vítimas        ,Anoitecer,Ceu Claro,Simples ,Rural ,Automóvel,Ileso       ,52.0,Masculino
83349779,02/05/2015,RN,304,ASSU,Não guardar distância de segurança,Colisão traseira,Sem Vítimas        ,Anoitecer,Ceu Claro,Simples ,Rural ,Automóvel,Ileso       ,28.0,Masculino
83349813,01/05/2015,RN,427,CAICO,Ingestão de álcool,Colisão com objeto fixo,Ignorado           ,Plena noite,Ceu Claro,Simples ,Urbano,Automóvel,Ignorado    ,-1.0,Inválido
83349851,04/05/2015,RN,304,MACAIBA,Ultrapassagem indevida,Colisão lateral,Sem Vítimas        ,Pleno dia,Chuva,Simples ,Rural ,Caminhão,Ileso       ,33.0,Masculino
83349851,04/05/2015,RN,304,MACAIBA,Ultrapassagem indevida,Colisão lateral,Sem Vítimas        ,Pleno dia,Chuva,Simples ,Rural ,Caminhão,Ignorado    ,-1.0,Inválido
83349929,23/04/2015,RN,304,MACAIBA,Outras,Capotamento,Com Vítimas Feridas,Amanhecer,Chuva,Simples ,Rural ,Caminhonete,Ferido Leve ,38.0,Masculino
83349935,04/05/2015,RN,304,MACAIBA,Ultrapassagem indevida,Colisão traseira,Sem Vítimas        ,Pleno dia,Chuva,Simples ,Rural ,Automóvel,Ileso       ,31.0,Masculino
83349935,04/05/2015,RN,304,MACAIBA,Ultrapassagem indevida,Colisão traseira,Sem Vítimas        ,Pleno dia,Chuva,Simples ,Rural ,Caminhonete,Ileso       ,42.0,Masculino
83349939,04/05/2015,RN,101,PARNAMIRIM,Desobediência à sinalização,Colisão Transversal,Sem Vítimas        ,Pleno dia,Nublado,Múltipla,Urbano,Automóvel,Ileso       ,48.0,Masculino
83349939,04/05/2015,RN,101,PARNAMIRIM,Desobediência à sinalização,Colisão Transversal,Sem Vítimas        ,Pleno dia,Nublado,Múltipla,Urbano,Automóvel,Ileso       ,64.0,Masculino
83349955,04/05/2015,RN,101,NATAL,Outras,Colisão lateral,Sem Vítimas        ,Pleno dia,Chuva,Dupla   ,Urbano,Automóvel,Ileso       ,-1.0,Masculino
83349955,04/05/2015,RN,101,NATAL,Outras,Colisão lateral,Sem Vítimas        ,Pleno dia,Chuva,Dupla   ,Urbano,Automóvel,Ileso       ,25.0,Feminino
83349981,03/05/2015,RN,101,NATAL,Outras,Colisão Transversal,Com Vítimas Feridas,Plena noite,Ceu Claro,Dupla   ,Urbano,Automóvel,Ignorado    ,-1.0,Inválido
83349981,03/05/2015,RN,101,NATAL,Outras,Colisão Transversal,Com Vítimas Feridas,Plena noite,Ceu Claro,Dupla   ,Urbano,Motocicletas,Ferido Leve ,31.0,Masculino
83349981,03/05/2015,RN,101,NATAL,Outras,Colisão Transversal,Com Vítimas Feridas,Plena noite,Ceu Claro,Dupla   ,Urbano,Motocicletas,Ferido Leve ,19.0,Feminino
83349984,25/03/2015,RN,304,RIACHUELO,Ultrapassagem indevida,Tombamento,Sem Vítimas        ,Anoitecer,Ceu Claro,Simples ,Urbano,Caminhão-Trator,Ileso       ,33.0,Masculino
83350009,04/05/2015,RN,101,NATAL,Não guardar distância de segurança,Colisão traseira,Sem Vítimas        ,Plena noite,Ceu Claro,Dupla   ,Urbano,Automóvel,Ileso       ,21.0,Masculino
83350009,04/05/2015,RN,101,NATAL,Não guardar distância de segurança,Colisão traseira,Sem Vítimas        ,Plena noite,Ceu Claro,Dupla   ,Urbano,Automóvel,Ileso       ,31.0,Feminino
83350037,04/05/2015,RN,101,NATAL,Falta de atenção,Colisão lateral,Sem Vítimas        ,Plena noite,Ceu Claro,Dupla   ,Urbano,Ônibus,Ileso       ,40.0,Masculino
83350037,04/05/2015,RN,101,NATAL,Falta de atenção,Colisão lateral,Sem Vítimas        ,Plena noite,Ceu Claro,Dupla   ,Urbano,Automóvel,Ileso       ,22.0,Masculino
83350046,04/05/2015,RN,101,NATAL,Não guardar distância de segurança,Colisão traseira,Sem Vítimas        ,Anoitecer,Nublado,Dupla   ,Urbano,Caminhão,Ileso       ,67.0,Masculino
83350046,04/05/2015,RN,101,NATAL,Não guardar distância de segurança,Colisão traseira,Sem Vítimas        ,Anoitecer,Nublado,Dupla   ,Urbano,Automóvel,Ileso       ,35.0,Masculino
83350046,04/05/2015,RN,101,NATAL,Não guardar distância de segurança,Colisão traseira,Sem Vítimas        ,Anoitecer,Nublado,Dupla   ,Urbano,Caminhão,Ileso       ,-1.0,Masculino
83350124,04/05/2015,RN,101,NATAL,Falta de atenção,Colisão traseira,Com Vítimas Feridas,Plena noite,Ceu Claro,Dupla   ,Urbano,Motocicletas,Ferido Leve ,47.0,Masculino
83350124,04/05/2015,RN,101,NATAL,Falta de atenção,Colisão traseira,Com Vítimas Feridas,Plena noite,Ceu Claro,Dupla   ,Urbano,Camioneta,Ileso       ,52.0,Masculino
83350198,05/05/2015,RN,110,MOSSORO,Falta de atenção,Colisão Transversal,Sem Vítimas        ,Pleno dia,Sol,Simples ,Urbano,Caminhão-Trator,Ileso       ,34.0,Masculino
83350198,05/05/2015,RN,110,MOSSORO,Falta de atenção,Colisão Transversal,Sem Vítimas        ,Pleno dia,Sol,Simples ,Urbano,Automóvel,Ileso       ,67.0,Feminino
83350308,05/05/2015,RN,304,MOSSORO,Falta de atenção,Colisão traseira,Sem Vítimas        ,Pleno dia,Ceu Claro,Simples ,Urbano,Automóvel,Ileso       ,36.0,Feminino
83350308,05/05/2015,RN,304,MOSSORO,Falta de atenção,Colisão traseira,Sem Vítimas        ,Pleno dia,Ceu Claro,Simples ,Urbano,Automóvel,Ileso       ,34.0,Feminino
83350455,05/05/2015,RN,101,PARNAMIRIM,Outras,Colisão traseira,Com Vítimas Feridas,Pleno dia,Ceu Claro,Dupla   ,Urbano,Automóvel,Ileso       ,-1.0,Masculino
83350455,05/05/2015,RN,101,PARNAMIRIM,Outras,Colisão traseira,Com Vítimas Feridas,Pleno dia,Ceu Claro,Dupla   ,Urbano,Motocicletas,Ferido Leve ,23.0,Masculino
83350458,02/05/2015,RN,226,SERRA CAIADA,Ingestão de álcool,Colisão Transversal,Com Vítimas Feridas,Anoitecer,Ceu Claro,Simples ,Urbano,Automóvel,Ileso       ,28.0,Feminino
83350458,02/05/2015,RN,226,SERRA CAIADA,Ingestão de álcool,Colisão Transversal,Com Vítimas Feridas,Anoitecer,Ceu Claro,Simples ,Urbano,Motocicletas,Ferido Grave,-1.0,Masculino
83350567,05/05/2015,RN,101,NATAL,Outras,Colisão lateral,Com Vítimas Feridas,Pleno dia,Ceu Claro,Dupla   ,Urbano,Motocicletas,Ferido Leve ,30.0,Masculino
83350567,05/05/2015,RN,101,NATAL,Outras,Colisão lateral,Com Vítimas Feridas,Pleno dia,Ceu Claro,Dupla   ,Urbano,Automóvel,Ileso       ,33.0,Masculino
83350685,01/05/2015,RN,101,NATAL,Falta de atenção,Colisão traseira,Com Vítimas Feridas,Plena noite,Ceu Claro,Dupla   ,Urbano,Camioneta,Ileso       ,39.0,Masculino
83350685,01/05/2015,RN,101,NATAL,Falta de atenção,Colisão traseira,Com Vítimas Feridas,Plena noite,Ceu Claro,Dupla   ,Urbano,Camioneta,Ileso       ,33.0,Masculino
83350685,01/05/2015,RN,101,NATAL,Falta de atenção,Colisão traseira,Com Vítimas Feridas,Plena noite,Ceu Claro,Dupla   ,Urbano,Camioneta,Ileso       ,46.0,Masculino
83350685,01/05/2015,RN,101,NATAL,Falta de atenção,Colisão traseira,Com Vítimas Feridas,Plena noite,Ceu Claro,Dupla   ,Urbano,Motocicletas,Ferido Leve ,22.0,Masculino
83350685,01/05/2015,RN,101,NATAL,Falta de atenção,Colisão traseira,Com Vítimas Feridas,Plena noite,Ceu Claro,Dupla   ,Urbano,Motocicletas,Ferido Grave,20.0,Masculino
83350716,02/05/2015,RN,304,MOSSORO,Defeito mecânico em veículo,Colisão com objeto móvel,Sem Vítimas        ,Plena noite,Ceu Claro,Dupla   ,Urbano,Automóvel,Ileso       ,34.0,Masculino
83350716,02/05/2015,RN,304,MOSSORO,Defeito mecânico em veículo,Colisão com objeto móvel,Sem Vítimas        ,Plena noite,Ceu Claro,Dupla   ,Urbano,Automóvel,Ileso       ,35.0,Feminino
83350716,02/05/2015,RN,304,MOSSORO,Defeito mecânico em veículo,Colisão com objeto móvel,Sem Vítimas        ,Plena noite,Ceu Claro,Dupla   ,Urbano,Automóvel,Ileso       ,26.0,Feminino
83350716,02/05/2015,RN,304,MOSSORO,Defeito mecânico em veículo,Colisão com objeto móvel,Sem Vítimas        ,Plena noite,Ceu Claro,Dupla   ,Urbano,Automóvel,Ileso       ,26.0,Masculino
83350734,06/05/2015,RN,226,NATAL,Defeito mecânico em veículo,Colisão traseira,Sem Vítimas        ,Pleno dia,Ceu Claro,Dupla   ,Urbano,Automóvel,Ileso       ,59.0,Masculino
83350734,06/05/2015,RN,226,NATAL,Defeito mecânico em veículo,Colisão traseira,Sem Vítimas        ,Pleno dia,Ceu Claro,Dupla   ,Urbano,Automóvel,Ileso       ,30.0,Feminino
83350734,06/05/2015,RN,226,NATAL,Defeito mecânico em veículo,Colisão traseira,Sem Vítimas        ,Pleno dia,Ceu Claro,Dupla   ,Urbano,Automóvel,Ileso       ,34.0,Feminino
83350734,06/05/2015,RN,226,NATAL,Defeito mecânico em veículo,Colisão traseira,Sem Vítimas        ,Pleno dia,Ceu Claro,Dupla   ,Urbano,Caminhão,Ileso       ,55.0,Masculino
83350824,02/05/2015,RN,101,SAO JOSE DE MIPIBU,Não guardar distância de segurança,Colisão traseira,Sem Vítimas        ,Plena noite,Ceu Claro,Dupla   ,Urbano,Automóvel,Ileso       ,22.0,Masculino
83350824,02/05/2015,RN,101,SAO JOSE DE MIPIBU,Não guardar distância de segurança,Colisão traseira,Sem Vítimas        ,Plena noite,Ceu Claro,Dupla   ,Urbano,Caminhonete,Ileso       ,38.0,Masculino
83350826,06/05/2015,RN,101,PARNAMIRIM,Ultrapassagem indevida,Colisão traseira,Com Vítimas Feridas,Pleno dia,Sol,Dupla   ,Urbano,Automóvel,Ignorado    ,-1.0,Masculino
83350826,06/05/2015,RN,101,PARNAMIRIM,Ultrapassagem indevida,Colisão traseira,Com Vítimas Feridas,Pleno dia,Sol,Dupla   ,Urbano,Automóvel,Ileso       ,39.0,Feminino
83350826,06/05/2015,RN,101,PARNAMIRIM,Ultrapassagem indevida,Colisão traseira,Com Vítimas Feridas,Pleno dia,Sol,Dupla   ,Urbano,Motocicletas,Ferido Leve ,20.0,Masculino
83350876,06/05/2015,RN,101,NATAL,Falta de atenção,Colisão Transversal,Sem Vítimas        ,Pleno dia,Ceu Claro,Dupla   ,Urbano,Automóvel,Ileso       ,27.0,Feminino
83350876,06/05/2015,RN,101,NATAL,Falta de atenção,Colisão Transversal,Sem Vítimas        ,Pleno dia,Ceu Claro,Dupla   ,Urbano,Ônibus,Ileso       ,35.0,Masculino
83350886,06/05/2015,RN,101,NATAL,Falta de atenção,Colisão lateral,Sem Vítimas        ,Plena noite,Ceu Claro,Dupla   ,Urbano,Automóvel,Ileso       ,51.0,Masculino
83350886,06/05/2015,RN,101,NATAL,Falta de atenção,Colisão lateral,Sem Vítimas        ,Plena noite,Ceu Claro,Dupla   ,Urbano,Ônibus,Ileso       ,29.0,Masculino
83350935,06/05/2015,RN,101,NATAL,Falta de atenção,Colisão Transversal,Sem Vítimas        ,Pleno dia,Ceu Claro,Múltipla,Urbano,Caminhão,Ileso       ,71.0,Feminino
83350935,06/05/2015,RN,101,NATAL,Falta de atenção,Colisão Transversal,Sem Vítimas        ,Pleno dia,Ceu Claro,Múltipla,Urbano,Automóvel,Ileso       ,22.0,Masculino
83350988,06/05/2015,RN,110,MOSSORO,Não guardar distância de segurança,Colisão lateral,Com Vítimas Feridas,Plena noite,Ceu Claro,Simples ,Urbano,Automóvel,Ileso       ,19.0,Masculino
83350988,06/05/2015,RN,110,MOSSORO,Não guardar distância de segurança,Colisão lateral,Com Vítimas Feridas,Plena noite,Ceu Claro,Simples ,Urbano,Motocicletas,Ileso       ,45.0,Masculino
83350988,06/05/2015,RN,110,MOSSORO,Não guardar distância de segurança,Colisão lateral,Com Vítimas Feridas,Plena noite,Ceu Claro,Simples ,Urbano,Motocicletas,Ferido Leve ,-1.0,Masculino
83351049,06/05/2015,RN,110,MOSSORO,Outras,Atropelamento de pessoa,Com Vítimas Feridas,Plena noite,Ceu Claro,Simples ,Urbano,Motocicletas,Ignorado    ,-1.0,Feminino
83351049,06/05/2015,RN,110,MOSSORO,Outras,Atropelamento de pessoa,Com Vítimas Feridas,Plena noite,Ceu Claro,Simples ,Urbano,(null),Ferido Grave,56.0,Masculino
83351054,06/05/2015,RN,304,ASSU,Animais na Pista,Atropelamento de animal,Sem Vítimas        ,Plena noite,Ceu Claro,Simples ,Rural ,Ônibus,Ileso       ,33.0,Masculino
83351076,29/04/2015,RN,101,PARNAMIRIM,Outras,Atropelamento de pessoa,Com Vítimas Feridas,Plena noite,Ceu Claro,Dupla   ,Urbano,(null),Ferido Grave,67.0,Masculino
83351076,29/04/2015,RN,101,PARNAMIRIM,Outras,Atropelamento de pessoa,Com Vítimas Feridas,Plena noite,Ceu Claro,Dupla   ,Urbano,Motocicletas,Ignorado    ,-1.0,Inválido
83351245,07/05/2015,RN,101,PARNAMIRIM,Falta de atenção,Colisão lateral,Sem Vítimas        ,Pleno dia,Ceu Claro,Dupla   ,Urbano,Automóvel,Ileso       ,40.0,Masculino
83351245,07/05/2015,RN,101,PARNAMIRIM,Falta de atenção,Colisão lateral,Sem Vítimas        ,Pleno dia,Ceu Claro,Dupla   ,Urbano,Motocicletas,Ileso       ,-1.0,Feminino
83351320,30/01/2015,RN,101,PARNAMIRIM,Outras,Colisão Transversal,Com Vítimas Fatais ,Plena noite,Ceu Claro,Dupla   ,Urbano,Motoneta,Ferido Leve ,-1.0,Masculino
83351320,30/01/2015,RN,101,PARNAMIRIM,Outras,Colisão Transversal,Com Vítimas Fatais ,Plena noite,Ceu Claro,Dupla   ,Urbano,Motoneta,Morto       ,-1.0,Feminino
83351320,30/01/2015,RN,101,PARNAMIRIM,Outras,Colisão Transversal,Com Vítimas Fatais ,Plena noite,Ceu Claro,Dupla   ,Urbano,Automóvel,Ignorado    ,-1.0,Inválido
83351328,07/05/2015,RN,101,NATAL,Falta de atenção,Colisão traseira,Com Vítimas Feridas,Pleno dia,Sol,Dupla   ,Urbano,Automóvel,Ileso       ,38.0,Masculino
83351328,07/05/2015,RN,101,NATAL,Falta de atenção,Colisão traseira,Com Vítimas Feridas,Pleno dia,Sol,Dupla   ,Urbano,Motocicletas,Ferido Leve ,38.0,Masculino
83351335,07/05/2015,RN,101,PARNAMIRIM,Desobediência à sinalização,Colisão frontal,Com Vítimas Feridas,Pleno dia,Ceu Claro,Dupla   ,Urbano,Motocicletas,Ferido Leve ,36.0,Masculino
83351335,07/05/2015,RN,101,PARNAMIRIM,Desobediência à sinalização,Colisão frontal,Com Vítimas Feridas,Pleno dia,Ceu Claro,Dupla   ,Urbano,Utilitário,Ignorado    ,-1.0,Masculino
83351339,07/05/2015,RN,304,MOSSORO,Velocidade incompatível,Colisão com bicicleta,Com Vítimas Feridas,Plena noite,Ceu Claro,Dupla   ,Urbano,Automóvel,Ignorado    ,-1.0,Inválido
83351339,07/05/2015,RN,304,MOSSORO,Velocidade incompatível,Colisão com bicicleta,Com Vítimas Feridas,Plena noite,Ceu Claro,Dupla   ,Urbano,Bicicleta,Ferido Grave,65.0,Masculino
83351340,07/05/2015,RN,101,NATAL,Falta de atenção,Colisão lateral,Sem Vítimas        ,Pleno dia,Ceu Claro,Dupla   ,Urbano,Automóvel,Ileso       ,-1.0,Masculino
83351340,07/05/2015,RN,101,NATAL,Falta de atenção,Colisão lateral,Sem Vítimas        ,Pleno dia,Ceu Claro,Dupla   ,Urbano,Automóvel,Ileso       ,-1.0,Masculino
83351503,05/05/2015,RN,101,NATAL,Falta de atenção,Colisão lateral,Sem Vítimas        ,Pleno dia,Sol,Múltipla,Urbano,Automóvel,Ileso       ,54.0,Feminino
83351503,05/05/2015,RN,101,NATAL,Falta de atenção,Colisão lateral,Sem Vítimas        ,Pleno dia,Sol,Múltipla,Urbano,Caminhão,Ileso       ,33.0,Masculino
83351538,02/05/2015,RN,304,MOSSORO,Ingestão de álcool,Saída de Pista,Sem Vítimas        ,Plena noite,Ignorada,Dupla   ,Rural ,Automóvel,Ileso       ,40.0,Masculino
83351590,08/05/2015,RN,110,MOSSORO,Falta de atenção,Colisão traseira,Sem Vítimas        ,Pleno dia,Ceu Claro,Dupla   ,Urbano,Automóvel,Ileso       ,31.0,Masculino
83351590,08/05/2015,RN,110,MOSSORO,Falta de atenção,Colisão traseira,Sem Vítimas        ,Pleno dia,Ceu Claro,Dupla   ,Urbano,Caminhonete,Ileso       ,53.0,Masculino
83351590,08/05/2015,RN,110,MOSSORO,Falta de atenção,Colisão traseira,Sem Vítimas        ,Pleno dia,Ceu Claro,Dupla   ,Urbano,Não identificado,Ignorado    ,-1.0,Inválido
83351627,08/05/2015,RN,110,MOSSORO,Falta de atenção,Colisão traseira,Com Vítimas Feridas,Pleno dia,Ceu Claro,Dupla   ,Urbano,Motoneta,Ferido Leve ,-1.0,Masculino
83351627,08/05/2015,RN,110,MOSSORO,Falta de atenção,Colisão traseira,Com Vítimas Feridas,Pleno dia,Ceu Claro,Dupla   ,Urbano,Não identificado,Ignorado    ,-1.0,Inválido
83351651,04/05/2015,RN,304,MACAIBA,Não guardar distância de segurança,Colisão traseira,Sem Vítimas        ,Pleno dia,Nublado,Simples ,Urbano,Automóvel,Ileso       ,29.0,Feminino
83351651,04/05/2015,RN,304,MACAIBA,Não guardar distância de segurança,Colisão traseira,Sem Vítimas        ,Pleno dia,Nublado,Simples ,Urbano,Automóvel,Ileso       ,-1.0,Feminino
83351651,04/05/2015,RN,304,MACAIBA,Não guardar distância de segurança,Colisão traseira,Sem Vítimas        ,Pleno dia,Nublado,Simples ,Urbano,Automóvel,Ileso       ,-1.0,Masculino
83351651,04/05/2015,RN,304,MACAIBA,Não guardar distância de segurança,Colisão traseira,Sem Vítimas        ,Pleno dia,Nublado,Simples ,Urbano,Caminhão,Ileso       ,-1.0,Masculino
83351668,08/05/2015,RN,101,NATAL,Falta de atenção,Colisão Transversal,Sem Vítimas        ,Pleno dia,Ceu Claro,Simples ,Urbano,Automóvel,Ileso       ,33.0,Feminino
83351668,08/05/2015,RN,101,NATAL,Falta de atenção,Colisão Transversal,Sem Vítimas        ,Pleno dia,Ceu Claro,Simples ,Urbano,Utilitário,Ileso       ,44.0,Masculino
83351677,08/05/2015,RN,101,SAO GONCALO DO AMARANTE,Falta de atenção,Colisão lateral,Sem Vítimas        ,Pleno dia,Ceu Claro,Múltipla,Urbano,Automóvel,Ileso       ,33.0,Masculino
83351677,08/05/2015,RN,101,SAO GONCALO DO AMARANTE,Falta de atenção,Colisão lateral,Sem Vítimas        ,Pleno dia,Ceu Claro,Múltipla,Urbano,Ônibus,Ileso       ,29.0,Masculino
83351683,06/05/2015,RN,101,NATAL,Falta de atenção,Colisão traseira,Sem Vítimas        ,Pleno dia,Ceu Claro,Múltipla,Urbano,Automóvel,Ileso       ,61.0,Masculino
83351683,06/05/2015,RN,101,NATAL,Falta de atenção,Colisão traseira,Sem Vítimas        ,Pleno dia,Ceu Claro,Múltipla,Urbano,Automóvel,Ileso       ,34.0,Masculino
83351699,08/05/2015,RN,101,NATAL,Não guardar distância de segurança,Colisão traseira,Sem Vítimas        ,Pleno dia,Ceu Claro,Múltipla,Urbano,Camioneta,Ileso       ,55.0,Masculino
83351699,08/05/2015,RN,101,NATAL,Não guardar distância de segurança,Colisão traseira,Sem Vítimas        ,Pleno dia,Ceu Claro,Múltipla,Urbano,Automóvel,Ileso       ,28.0,Feminino
83351699,08/05/2015,RN,101,NATAL,Não guardar distância de segurança,Colisão traseira,Sem Vítimas        ,Pleno dia,Ceu Claro,Múltipla,Urbano,Automóvel,Ileso       ,-1.0,Masculino
83351720,08/05/2015,RN,101,NATAL,Falta de atenção,Colisão traseira,Sem Vítimas        ,Plena noite,Ceu Claro,Dupla   ,Urbano,Automóvel,Ileso       ,37.0,Feminino
83351720,08/05/2015,RN,101,NATAL,Falta de atenção,Colisão traseira,Sem Vítimas        ,Plena noite,Ceu Claro,Dupla   ,Urbano,Motocicletas,Ileso       ,44.0,Masculino
83351777,08/05/2015,RN,101,NATAL,Não guardar distância de segurança,Colisão traseira,Sem Vítimas        ,Plena noite,Ceu Claro,Múltipla,Urbano,Automóvel,Ileso       ,19.0,Masculino
83351777,08/05/2015,RN,101,NATAL,Não guardar distância de segurança,Colisão traseira,Sem Vítimas        ,Plena noite,Ceu Claro,Múltipla,Urbano,Automóvel,Ileso       ,24.0,Feminino
83351778,08/05/2015,RN,226,SANTA CRUZ,Ultrapassagem indevida,Colisão lateral,Sem Vítimas        ,Pleno dia,Sol,Simples ,Rural ,Caminhão,Ileso       ,60.0,Masculino
83351778,08/05/2015,RN,226,SANTA CRUZ,Ultrapassagem indevida,Colisão lateral,Sem Vítimas        ,Pleno dia,Sol,Simples ,Rural ,Automóvel,Ileso       ,59.0,Masculino
83351790,08/05/2015,RN,110,UPANEMA,Outras,Capotamento,Com Vítimas Feridas,Pleno dia,Chuva,Simples ,Rural ,Caminhão,Ferido Grave,24.0,Masculino
83351790,08/05/2015,RN,110,UPANEMA,Outras,Capotamento,Com Vítimas Feridas,Pleno dia,Chuva,Simples ,Rural ,Caminhão,Ferido Leve ,16.0,Masculino
83352007,09/05/2015,RN,304,MOSSORO,Outras,Colisão traseira,Com Vítimas Feridas,Pleno dia,Sol,Dupla   ,Urbano,Motocicletas,Ferido Grave,22.0,Masculino
83352007,09/05/2015,RN,304,MOSSORO,Outras,Colisão traseira,Com Vítimas Feridas,Pleno dia,Sol,Dupla   ,Urbano,Automóvel,Ileso       ,47.0,Masculino
83352009,08/05/2015,RN,427,CAICO,Dormindo,Saída de Pista,Sem Vítimas        ,Amanhecer,Ceu Claro,Simples ,Urbano,Automóvel,Ileso       ,59.0,Masculino
83352036,09/05/2015,RN,304,MOSSORO,Outras,Capotamento,Com Vítimas Feridas,Pleno dia,Sol,Simples ,Urbano,Automóvel,Ferido Leve ,42.0,Feminino
83352036,09/05/2015,RN,304,MOSSORO,Outras,Capotamento,Com Vítimas Feridas,Pleno dia,Sol,Simples ,Urbano,Automóvel,Ferido Leve ,43.0,Masculino
83352064,08/05/2015,RN,406,TAIPU,Animais na Pista,Atropelamento de animal,Com Vítimas Feridas,Amanhecer,Ceu Claro,Simples ,Rural ,Motocicletas,Ferido Grave,33.0,Masculino
83352068,05/05/2015,RN,304,MACAIBA,Desobediência à sinalização,Colisão Transversal,Sem Vítimas        ,Plena noite,Ceu Claro,Dupla   ,Rural ,Automóvel,Ileso       ,43.0,Masculino
83352068,05/05/2015,RN,304,MACAIBA,Desobediência à sinalização,Colisão Transversal,Sem Vítimas        ,Plena noite,Ceu Claro,Dupla   ,Rural ,Automóvel,Ileso       ,24.0,Masculino
83352137,09/05/2015,RN,110,MOSSORO,Outras,Colisão Transversal,Com Vítimas Feridas,Pleno dia,Sol,Simples ,Urbano,Automóvel,Ileso       ,36.0,Masculino
83352137,09/05/2015,RN,110,MOSSORO,Outras,Colisão Transversal,Com Vítimas Feridas,Pleno dia,Sol,Simples ,Urbano,Ciclomotor,Ferido Grave,37.0,Masculino
83352190,14/02/2015,RN,226,JANDUIS,Outras,Saída de Pista,Com Vítimas Feridas,Plena noite,Ceu Claro,Simples ,Rural ,Motocicletas,Ferido Grave,29.0,Masculino
83352338,09/05/2015,RN,406,CEARA-MIRIM,Outras,Colisão traseira,Sem Vítimas        ,Pleno dia,Ceu Claro,Simples ,Urbano,Automóvel,Ileso       ,56.0,Masculino
83352338,09/05/2015,RN,406,CEARA-MIRIM,Outras,Colisão traseira,Sem Vítimas        ,Pleno dia,Ceu Claro,Simples ,Urbano,Automóvel,Ileso       ,38.0,Masculino
83352338,09/05/2015,RN,406,CEARA-MIRIM,Outras,Colisão traseira,Sem Vítimas        ,Pleno dia,Ceu Claro,Simples ,Urbano,Automóvel,Ileso       ,33.0,Feminino
83352346,09/05/2015,RN,304,ASSU,Outras,Colisão Transversal,Com Vítimas Feridas,Plena noite,Ceu Claro,Simples ,Urbano,Automóvel,Ileso       ,70.0,Masculino
83352346,09/05/2015,RN,304,ASSU,Outras,Colisão Transversal,Com Vítimas Feridas,Plena noite,Ceu Claro,Simples ,Urbano,Motocicletas,Ferido Grave,47.0,Masculino
83352346,09/05/2015,RN,304,ASSU,Outras,Colisão Transversal,Com Vítimas Feridas,Plena noite,Ceu Claro,Simples ,Urbano,Automóvel,Ignorado    ,-1.0,Inválido
83352431,06/05/2015,RN,406,CEARA-MIRIM,Ingestão de álcool,Atropelamento de pessoa,Com Vítimas Feridas,Plena noite,Ceu Claro,Simples ,Rural ,Automóvel,Ileso       ,31.0,Masculino
83352431,06/05/2015,RN,406,CEARA-MIRIM,Ingestão de álcool,Atropelamento de pessoa,Com Vítimas Feridas,Plena noite,Ceu Claro,Simples ,Rural ,(null),Ferido Leve ,46.0,Masculino
83352661,02/05/2015,RN,406,SAO GONCALO DO AMARANTE,Falta de atenção,Colisão Transversal,Com Vítimas Feridas,Plena noite,Ceu Claro,Simples ,Urbano,Motoneta,Ferido Grave,54.0,Masculino
83352661,02/05/2015,RN,406,SAO GONCALO DO AMARANTE,Falta de atenção,Colisão Transversal,Com Vítimas Feridas,Plena noite,Ceu Claro,Simples ,Urbano,Automóvel,Ileso       ,60.0,Masculino
83352664,10/05/2015,RN,101,PARNAMIRIM,Não guardar distância de segurança,Colisão traseira,Sem Vítimas        ,Anoitecer,Ceu Claro,Dupla   ,Urbano,Automóvel,Ileso       ,31.0,Masculino