id,data_inversa,uf,br,municipio,causa_acidente,tipo_acidente,classificacao_acidente,fase_dia,condicao_metereologica,tipo_pista,uso_solo,tipo_veiculo,estado_fisico,idade,sexo
83373163,27/06/2015,RN,406,CEARA-MIRIM,Outras,Colisão frontal,Ignorado           ,Plena noite,Ceu Claro,Simples ,Urbano,Automóvel,Ignorado    ,32.0,Masculino
83373244,29/06/2015,RN,101,SAO JOSE DE MIPIBU,Velocidade incompatível,Saída de Pista,Sem Vítimas        ,Plena noite,Nublado,Dupla   ,Rural ,Ônibus,Ileso       ,-1.0,Masculino
83373244,29/06/2015,RN,101,SAO JOSE DE MIPIBU,Velocidade incompatível,Saída de Pista,Sem Vítimas        ,Plena noite,Nublado,Dupla   ,Rural ,Ônibus,Ileso       ,-1.0,Masculino
83373276,02/07/2015,RN,101,NATAL,Outras,Colisão Transversal,Com Vítimas Feridas,Pleno dia,Ceu Claro,Dupla   ,Urbano,Automóvel,Ileso       ,-1.0,Masculino
83373276,02/07/2015,RN,101,NATAL,Outras,Colisão Transversal,Com Vítimas Feridas,Pleno dia,Ceu Claro,Dupla   ,Urbano,Motocicletas,Ferido Leve ,40.0,Masculino
83373277,02/07/2015,RN,101,NATAL,Não guardar distância de segurança,Colisão traseira,Com Vítimas Feridas,Pleno dia,Ceu Claro,Dupla   ,Urbano,Caminhonete,Ileso       ,28.0,Masculino
83373277,02/07/2015,RN,101,NATAL,Não guardar distância de segurança,Colisão traseira,Com Vítimas Feridas,Pleno dia,Ceu Claro,Dupla   ,Urbano,Motocicletas,Ferido Leve ,23.0,Masculino
83373321,28/06/2015,RN,304,ASSU,Falta de atenção,Colisão traseira,Com Vítimas Feridas,Plena noite,Ignorada,Simples ,Rural ,Caminhão,Ileso       ,42.0,Masculino
83373321,28/06/2015,RN,304,ASSU,Falta de atenção,Colisão traseira,Com Vítimas Feridas,Plena noite,Ignorada,Simples ,Rural ,Automóvel,Ferido Grave,39.0,Masculino
83373345,02/07/2015,RN,101,NATAL,Outras,Colisão lateral,Sem Vítimas        ,Pleno dia,Nublado,Dupla   ,Urbano,Automóvel,Ileso       ,26.0,Masculino
83373345,02/07/2015,RN,101,NATAL,Outras,Colisão lateral,Sem Vítimas        ,Pleno dia,Nublado,Dupla   ,Urbano,Ônibus,Ileso       ,40.0,Masculino
83373350,29/06/2015,RN,101,NATAL,Não guardar distância de segurança,Colisão traseira,Sem Vítimas        ,Plena noite,Chuva,Dupla   ,Urbano,Caminhonete,Ileso       ,43.0,Masculino
83373350,29/06/2015,RN,101,NATAL,Não guardar distância de segurança,Colisão traseira,Sem Vítimas        ,Plena noite,Chuva,Dupla   ,Urbano,Automóvel,Ileso       ,29.0,Feminino
83373390,27/06/2015,RN,304,MACAIBA,Ingestão de álcool,Colisão frontal,Sem Vítimas        ,Plena noite,Ceu Claro,Simples ,Rural ,Utilitário,Ileso       ,-1.0,Masculino
83373390,27/06/2015,RN,304,MACAIBA,Ingestão de álcool,Colisão frontal,Sem Vítimas        ,Plena noite,Ceu Claro,Simples ,Rural ,Ônibus,Ileso       ,-1.0,Masculino
83373437,02/07/2015,RN,405,MOSSORO,Outras,Colisão traseira,Com Vítimas Feridas,Pleno dia,Ceu Claro,Dupla   ,Urbano,Automóvel,Ileso       ,36.0,Masculino
83373437,02/07/2015,RN,405,MOSSORO,Outras,Colisão traseira,Com Vítimas Feridas,Pleno dia,Ceu Claro,Dupla   ,Urbano,Motocicletas,Ferido Leve ,31.0,Masculino
83373437,02/07/2015,RN,405,MOSSORO,Outras,Colisão traseira,Com Vítimas Feridas,Pleno dia,Ceu Claro,Dupla   ,Urbano,Ciclomotor,Ileso       ,-1.0,Inválido
83373685,01/07/2015,RN,226,MACAIBA,Falta de atenção,Colisão Transversal,Com Vítimas Feridas,Pleno dia,Chuva,Simples ,Urbano,Automóvel,Ignorado    ,-1.0,Masculino
83373685,01/07/2015,RN,226,MACAIBA,Falta de atenção,Colisão Transversal,Com Vítimas Feridas,Pleno dia,Chuva,Simples ,Urbano,Motocicletas,Ferido Leve ,25.0,Feminino
83373697,03/07/2015,RN,304,MOSSORO,Velocidade incompatível,Saída de Pista,Sem Vítimas        ,Pleno dia,Ceu Claro,Dupla   ,Urbano,Automóvel,Ileso       ,27.0,Masculino
83373698,03/07/2015,RN,101,NATAL,Desobediência à sinalização,Colisão lateral,Com Vítimas Feridas,Pleno dia,Chuva,Dupla   ,Urbano,Automóvel,Ileso       ,70.0,Masculino
83373698,03/07/2015,RN,101,NATAL,Desobediência à sinalização,Colisão lateral,Com Vítimas Feridas,Pleno dia,Chuva,Dupla   ,Urbano,Motocicletas,Ferido Leve ,32.0,Masculino
83373759,03/07/2015,RN,427,CAICO,Desobediência à sinalização,Colisão Transversal,Com Vítimas Feridas,Plena noite,Ceu Claro,Simples ,Urbano,Motocicletas,Ignorado    ,-1.0,Masculino
83373759,03/07/2015,RN,427,CAICO,Desobediência à sinalização,Colisão Transversal,Com Vítimas Feridas,Plena noite,Ceu Claro,Simples ,Urbano,Motocicletas,Ferido Leve ,58.0,Masculino
83373894,04/07/2015,RN,101,PARNAMIRIM,Não guardar distância de segurança,Colisão traseira,Com Vítimas Feridas,Pleno dia,Sol,Dupla   ,Urbano,Automóvel,Ileso       ,32.0,Masculino
83373894,04/07/2015,RN,101,PARNAMIRIM,Não guardar distância de segurança,Colisão traseira,Com Vítimas Feridas,Pleno dia,Sol,Dupla   ,Urbano,Automóvel,Ileso       ,38.0,Feminino
83373894,04/07/2015,RN,101,PARNAMIRIM,Não guardar distância de segurança,Colisão traseira,Com Vítimas Feridas,Pleno dia,Sol,Dupla   ,Urbano,Automóvel,Ferido Leve ,23.0,Feminino
83374025,04/07/2015,RN,101,SAO JOSE DE MIPIBU,Falta de atenção,Colisão traseira,Com Vítimas Feridas,Pleno dia,Nevoeiro/neblina,Dupla   ,Rural ,Ciclomotor,Ferido Leve ,-1.0,Masculino
83374025,04/07/2015,RN,101,SAO JOSE DE MIPIBU,Falta de atenção,Colisão traseira,Com Vítimas Feridas,Pleno dia,Nevoeiro/neblina,Dupla   ,Rural ,Caminhonete,Ileso       ,48.0,Masculino
83374122,04/07/2015,RN,101,CANGUARETAMA,Outras,Colisão traseira,Com Vítimas Fatais ,Plena noite,Nublado,Simples ,Urbano,Automóvel,Ignorado    ,29.0,Masculino
83374122,04/07/2015,RN,101,CANGUARETAMA,Outras,Colisão traseira,Com Vítimas Fatais ,Plena noite,Nublado,Simples ,Urbano,Automóvel,Ileso       ,32.0,Masculino
83374122,04/07/2015,RN,101,CANGUARETAMA,Outras,Colisão traseira,Com Vítimas Fatais ,Plena noite,Nublado,Simples ,Urbano,Automóvel,Ferido Leve ,22.0,Masculino
83374122,04/07/2015,RN,101,CANGUARETAMA,Outras,Colisão traseira,Com Vítimas Fatais ,Plena noite,Nublado,Simples ,Urbano,Ciclomotor,Morto       ,21.0,Masculino
83374122,04/07/2015,RN,101,CANGUARETAMA,Outras,Colisão traseira,Com Vítimas Fatais ,Plena noite,Nublado,Simples ,Urbano,Ciclomotor,Morto       ,17.0,Masculino
83374122,04/07/2015,RN,101,CANGUARETAMA,Outras,Colisão traseira,Com Vítimas Fatais ,Plena noite,Nublado,Simples ,Urbano,Ciclomotor,Ferido Grave,16.0,Masculino
83374239,05/07/2015,RN,110,MOSSORO,Falta de atenção,Colisão Transversal,Com Vítimas Feridas,Pleno dia,Nublado,Dupla   ,Urbano,Automóvel,Ileso       ,40.0,Masculino
83374239,05/07/2015,RN,110,MOSSORO,Falta de atenção,Colisão Transversal,Com Vítimas Feridas,Pleno dia,Nublado,Dupla   ,Urbano,Motocicletas,Ferido Leve ,55.0,Masculino
83374239,05/07/2015,RN,110,MOSSORO,Falta de atenção,Colisão Transversal,Com Vítimas Feridas,Pleno dia,Nublado,Dupla   ,Urbano,Motocicletas,Ferido Leve ,33.0,Masculino
83374298,05/07/2015,RN,304,MOSSORO,Velocidade incompatível,Saída de Pista,Sem Vítimas        ,Anoitecer,Ignorada,Simples ,Rural ,Automóvel,Ileso       ,27.0,Masculino
83374298,05/07/2015,RN,304,MOSSORO,Velocidade incompatível,Saída de Pista,Sem Vítimas        ,Anoitecer,Ignorada,Simples ,Rural ,Automóvel,Ileso       ,-1.0,Masculino
83374298,05/07/2015,RN,304,MOSSORO,Velocidade incompatível,Saída de Pista,Sem Vítimas        ,Anoitecer,Ignorada,Simples ,Rural ,Automóvel,Ileso       ,-1.0,Feminino
83374298,05/07/2015,RN,304,MOSSORO,Velocidade incompatível,Saída de Pista,Sem Vítimas        ,Anoitecer,Ignorada,Simples ,Rural ,Automóvel,Ileso       ,-1.0,Feminino
83374298,05/07/2015,RN,304,MOSSORO,Velocidade incompatível,Saída de Pista,Sem Vítimas        ,Anoitecer,Ignorada,Simples ,Rural ,Automóvel,Ileso       ,-1.0,Feminino
83374303,05/07/2015,RN,304,ANGICOS,Outras,Saída de Pista,Com Vítimas Feridas,Pleno dia,Ceu Claro,Simples ,Rural ,Automóvel,Ferido Leve ,56.0,Feminino
83374303,05/07/2015,RN,304,ANGICOS,Outras,Saída de Pista,Com Vítimas Feridas,Pleno dia,Ceu Claro,Simples ,Rural ,Automóvel,Ferido Leve ,77.0,Feminino
83374313,05/07/2015,RN,101,PARNAMIRIM,Ingestão de álcool,Colisão traseira,Sem Vítimas        ,Pleno dia,Sol,Dupla   ,Urbano,Caminhonete,Ileso       ,20.0,Masculino
83374313,05/07/2015,RN,101,PARNAMIRIM,Ingestão de álcool,Colisão traseira,Sem Vítimas        ,Pleno dia,Sol,Dupla   ,Urbano,Automóvel,Ileso       ,38.0,Masculino
83374356,05/07/2015,RN,304,MACAIBA,Ingestão de álcool,Colisão Transversal,Com Vítimas Feridas,Plena noite,Ceu Claro,Simples ,Rural ,Caminhonete,Ignorado    ,-1.0,Masculino
83374356,05/07/2015,RN,304,MACAIBA,Ingestão de álcool,Colisão Transversal,Com Vítimas Feridas,Plena noite,Ceu Claro,Simples ,Rural ,Automóvel,Ignorado    ,-1.0,Masculino
83374356,05/07/2015,RN,304,MACAIBA,Ingestão de álcool,Colisão Transversal,Com Vítimas Feridas,Plena noite,Ceu Claro,Simples ,Rural ,Caminhonete,Ferido Leve ,28.0,Feminino
83374356,05/07/2015,RN,304,MACAIBA,Ingestão de álcool,Colisão Transversal,Com Vítimas Feridas,Plena noite,Ceu Claro,Simples ,Rural ,Caminhonete,Ileso       ,-1.0,Feminino
83374356,05/07/2015,RN,304,MACAIBA,Ingestão de álcool,Colisão Transversal,Com Vítimas Feridas,Plena noite,Ceu Claro,Simples ,Rural ,Caminhonete,Ferido Leve ,-1.0,Feminino
83374356,05/07/2015,RN,304,MACAIBA,Ingestão de álcool,Colisão Transversal,Com Vítimas Feridas,Plena noite,Ceu Claro,Simples ,Rural ,Caminhonete,Ferido Leve ,51.0,Masculino
83374382,05/07/2015,RN,304,MOSSORO,Animais na Pista,Atropelamento de animal,Sem Vítimas        ,Plena noite,Ceu Claro,Dupla   ,Urbano,Automóvel,Ileso       ,25.0,Feminino
83374382,05/07/2015,RN,304,MOSSORO,Animais na Pista,Atropelamento de animal,Sem Vítimas        ,Plena noite,Ceu Claro,Dupla   ,Urbano,Automóvel,Ileso       ,26.0,Masculino
83374382,05/07/2015,RN,304,MOSSORO,Animais na Pista,Atropelamento de animal,Sem Vítimas        ,Plena noite,Ceu Claro,Dupla   ,Urbano,Automóvel,Ileso       ,42.0,Feminino
83374382,05/07/2015,RN,304,MOSSORO,Animais na Pista,Atropelamento de animal,Sem Vítimas        ,Plena noite,Ceu Claro,Dupla   ,Urbano,Automóvel,Ileso       ,41.0,Masculino
83374382,05/07/2015,RN,304,MOSSORO,Animais na Pista,Atropelamento de animal,Sem Vítimas        ,Plena noite,Ceu Claro,Dupla   ,Urbano,Automóvel,Ileso       ,40.0,Masculino
83374382,05/07/2015,RN,304,MOSSORO,Animais na Pista,Atropelamento de animal,Sem Vítimas        ,Plena noite,Ceu Claro,Dupla   ,Urbano,Automóvel,Ileso       ,39.0,Feminino
83374444,02/07/2015,RN,101,NATAL,Falta de atenção,Colisão Transversal,Com Vítimas Feridas,Plena noite,Chuva,Dupla   ,Urbano,Motocicletas,Ferido Leve ,19.0,Feminino
83374444,02/07/2015,RN,101,NATAL,Falta de atenção,Colisão Transversal,Com Vítimas Feridas,Plena noite,Chuva,Dupla   ,Urbano,Motocicletas,Ferido Grave,16.0,Feminino
83374444,02/07/2015,RN,101,NATAL,Falta de atenção,Colisão Transversal,Com Vítimas Feridas,Plena noite,Chuva,Dupla   ,Urbano,Caminhonete,Ileso       ,47.0,Masculino
83374459,02/07/2015,RN,304,MOSSORO,Outras,Queda de motocicleta / bicicleta / veículo,Com Vítimas Feridas,Amanhecer,Ceu Claro,Simples ,Rural ,Bicicleta,Ferido Leve ,39.0,Masculino
83374470,30/06/2015,RN,101,NATAL,Outras,Colisão lateral,Sem Vítimas        ,Pleno dia,Nublado,Dupla   ,Urbano,Ônibus,Ileso       ,57.0,Masculino
83374470,30/06/2015,RN,101,NATAL,Outras,Colisão lateral,Sem Vítimas        ,Pleno dia,Nublado,Dupla   ,Urbano,Automóvel,Ileso       ,27.0,Masculino
83374507,06/07/2015,RN,101,SAO GONCALO DO AMARANTE,Ingestão de álcool,Colisão traseira,Com Vítimas Feridas,Pleno dia,Ceu Claro,Dupla   ,Urbano,Ciclomotor,Ferido Leve ,-1.0,Masculino
83374507,06/07/2015,RN,101,SAO GONCALO DO AMARANTE,Ingestão de álcool,Colisão traseira,Com Vítimas Feridas,Pleno dia,Ceu Claro,Dupla   ,Urbano,Automóvel,Ileso       ,32.0,Masculino
83374583,06/07/2015,RN,101,NATAL,Não guardar distância de segurança,Colisão traseira,Sem Vítimas        ,Pleno dia,Ceu Claro,Múltipla,Urbano,Automóvel,Ileso       ,31.0,Masculino
83374583,06/07/2015,RN,101,NATAL,Não guardar distância de segurança,Colisão traseira,Sem Vítimas        ,Pleno dia,Ceu Claro,Múltipla,Urbano,Automóvel,Ileso       ,35.0,Feminino
83374583,06/07/2015,RN,101,NATAL,Não guardar distância de segurança,Colisão traseira,Sem Vítimas        ,Pleno dia,Ceu Claro,Múltipla,Urbano,Automóvel,Ileso       ,46.0,Masculino
83374583,06/07/2015,RN,101,NATAL,Não guardar distância de segurança,Colisão traseira,Sem Vítimas        ,Pleno dia,Ceu Claro,Múltipla,Urbano,Caminhonete,Ileso       ,-1.0,Feminino
83374586,06/07/2015,RN,101,NATAL,Desobediência à sinalização,Colisão lateral,Sem Vítimas        ,Pleno dia,Ceu Claro,Dupla   ,Urbano,Automóvel,Ileso       ,22.0,Masculino
83374586,06/07/2015,RN,101,NATAL,Desobediência à sinalização,Colisão lateral,Sem Vítimas        ,Pleno dia,Ceu Claro,Dupla   ,Urbano,Caminhão-Trator,Ileso       ,32.0,Masculino
83374614,06/07/2015,RN,304,ASSU,Defeito mecânico em veículo,Capotamento,Sem Vítimas        ,Pleno dia,Ceu Claro,Simples ,Urbano,Automóvel,Ileso       ,27.0,Masculino
83374638,06/07/2015,RN,101,TOUROS,Desobediência à sinalização,Colisão Transversal,Com Vítimas Feridas,Pleno dia,Ceu Claro,Simples ,Rural ,Automóvel,Ileso       ,35.0,Masculino
83374638,06/07/2015,RN,101,TOUROS,Desobediência à sinalização,Colisão Transversal,Com Vítimas Feridas,Pleno dia,Ceu Claro,Simples ,Rural ,Motocicletas,Ferido Grave,18.0,Masculino
83374649,05/07/2015,RN,110,AREIA BRANCA,Outras,Atropelamento de pessoa,Com Vítimas Feridas,Plena noite,Ceu Claro,Simples ,Rural ,Motocicletas,Ferido Leve ,-1.0,Masculino
83374649,05/07/2015,RN,110,AREIA BRANCA,Outras,Atropelamento de pessoa,Com Vítimas Feridas,Plena noite,Ceu Claro,Simples ,Rural ,(null),Ferido Grave,-1.0,Feminino
83374655,06/07/2015,RN,427,ACARI,Ultrapassagem indevida,Saída de Pista,Com Vítimas Feridas,Pleno dia,Ceu Claro,Simples ,Rural ,Automóvel,Ferido Leve ,67.0,Feminino
83374655,06/07/2015,RN,427,ACARI,Ultrapassagem indevida,Saída de Pista,Com Vítimas Feridas,Pleno dia,Ceu Claro,Simples ,Rural ,Caminhão-Trator,Ignorado    ,-1.0,Inválido
83374762,14/04/2015,RN,304,MOSSORO,Outras,Colisão Transversal,Com Vítimas Feridas,Pleno dia,Ceu Claro,Dupla   ,Urbano,Caminhonete,Ileso       ,34.0,Masculino
83374762,14/04/2015,RN,304,MOSSORO,Outras,Colisão Transversal,Com Vítimas Feridas,Pleno dia,Ceu Claro,Dupla   ,Urbano,Motocicletas,Ferido Grave,58.0,Masculino
83374806,18/06/2015,RN,101,NATAL,Falta de atenção,Colisão Transversal,Sem Vítimas        ,Pleno dia,Ceu Claro,Múltipla,Urbano,Automóvel,Ileso       ,41.0,Feminino
83374806,18/06/2015,RN,101,NATAL,Falta de atenção,Colisão Transversal,Sem Vítimas        ,Pleno dia,Ceu Claro,Múltipla,Urbano,Automóvel,Ileso       ,29.0,Feminino
83374891,07/07/2015,RN,110,MOSSORO,Falta de atenção,Colisão traseira,Com Vítimas Feridas,Pleno dia,Ceu Claro,Dupla   ,Urbano,Automóvel,Ileso       ,44.0,Feminino
83374891,07/07/2015,RN,110,MOSSORO,Falta de atenção,Colisão traseira,Com Vítimas Feridas,Pleno dia,Ceu Claro,Dupla   ,Urbano,Motocicletas,Ferido Leve ,41.0,Masculino
83375020,03/07/2015,RN,226,MACAIBA,Outras,Capotamento,Sem Vítimas        ,Plena noite,Chuva,Simples ,Rural ,Caminhonete,Ileso       ,41.0,Masculino
83375130,08/07/2015,RN,304,MOSSORO,Falta de atenção,Colisão Transversal,Com Vítimas Feridas,Pleno dia,Sol,Simples ,Urbano,Automóvel,Ileso       ,28.0,Feminino
83375130,08/07/2015,RN,304,MOSSORO,Falta de atenção,Colisão Transversal,Com Vítimas Feridas,Pleno dia,Sol,Simples ,Urbano,Motocicletas,Ferido Leve ,22.0,Masculino
83375150,04/07/2015,RN,226,TRIUNFO POTIGUAR,Ingestão de álcool,Colisão frontal,Com Vítimas Fatais ,Plena noite,Chuva,Simples ,Rural ,Automóvel,Ignorado    ,32.0,Masculino
83375150,04/07/2015,RN,226,TRIUNFO POTIGUAR,Ingestão de álcool,Colisão frontal,Com Vítimas Fatais ,Plena noite,Chuva,Simples ,Rural ,Motocicletas,Morto       ,25.0,Masculino
83375153,01/06/2015,RN,101,NATAL,Desobediência à sinalização,Colisão lateral,Sem Vítimas        ,Anoitecer,Ceu Claro,Dupla   ,Urbano,Caminhão-Trator,Ileso       ,-1.0,Masculino
83375153,01/06/2015,RN,101,NATAL,Desobediência à sinalização,Colisão lateral,Sem Vítimas        ,Anoitecer,Ceu Claro,Dupla   ,Urbano,Automóvel,Ileso       ,-1.0,Masculino
83375156,18/05/2015,RN,101,NATAL,Falta de atenção,Colisão traseira,Com Vítimas Feridas,Anoitecer,Ceu Claro,Múltipla,Urbano,Motoneta,Ferido Leve ,-1.0,Masculino
83375156,18/05/2015,RN,101,NATAL,Falta de atenção,Colisão traseira,Com Vítimas Feridas,Anoitecer,Ceu Claro,Múltipla,Urbano,Automóvel,Ignorado    ,-1.0,Inválido
83375175,08/07/2015,RN,304,MOSSORO,Velocidade incompatível,Colisão lateral,Com Vítimas Feridas,Pleno dia,Ceu Claro,Dupla   ,Urbano,Motocicletas,Ferido Leve ,59.0,Masculino
83375175,08/07/2015,RN,304,MOSSORO,Velocidade incompatível,Colisão lateral,Com Vítimas Feridas,Pleno dia,Ceu Claro,Dupla   ,Urbano,Automóvel,Ileso       ,33.0,Masculino
83375175,08/07/2015,RN,304,MOSSORO,Velocidade incompatível,Colisão lateral,Com Vítimas Feridas,Pleno dia,Ceu Claro,Dupla   ,Urbano,Motocicletas,Ferido Leve ,54.0,Feminino
83375430,09/07/2015,RN,304,MOSSORO,Falta de atenção,Colisão lateral,Com Vítimas Feridas,Pleno dia,Sol,Dupla   ,Urbano,Automóvel,Ileso       ,33.0,Masculino
83375430,09/07/2015,RN,304,MOSSORO,Falta de atenção,Colisão lateral,Com Vítimas Feridas,Pleno dia,Sol,Dupla   ,Urbano,Motocicletas,Ferido Leve ,38.0,Masculino
83375430,09/07/2015,RN,304,MOSSORO,Falta de atenção,Colisão lateral,Com Vítimas Feridas,Pleno dia,Sol,Dupla   ,Urbano,Motocicletas,Ferido Leve ,19.0,Masculino
83375440,09/05/2015,RN,304,PARNAMIRIM,Defeito mecânico em veículo,Colisão com bicicleta,Com Vítimas Feridas,Pleno dia,Ceu Claro,Múltipla,Urbano,Caminhão,Ileso       ,54.0,Masculino
83375440,09/05/2015,RN,304,PARNAMIRIM,Defeito mecânico em veículo,Colisão com bicicleta,Com Vítimas Feridas,Pleno dia,Ceu Claro,Múltipla,Urbano,Bicicleta,Ferido Grave,20.0,Feminino
83375476,09/07/2015,RN,101,PARNAMIRIM,Outras,Atropelamento de pessoa,Com Vítimas Feridas,Pleno dia,Ceu Claro,Dupla   ,Urbano,(null),Ferido Leve ,49.0,Feminino
83375476,09/07/2015,RN,101,PARNAMIRIM,Outras,Atropelamento de pessoa,Com Vítimas Feridas,Pleno dia,Ceu Claro,Dupla   ,Urbano,Caminhonete,Ileso       ,38.0,Feminino
83375488,09/06/2015,RN,101,NATAL,Não guardar distância de segurança,Colisão traseira,Sem Vítimas        ,Pleno dia,Ceu Claro,Dupla   ,Rural ,Automóvel,Ileso       ,-1.0,Feminino
83375488,09/06/2015,RN,101,NATAL,Não guardar distância de segurança,Colisão traseira,Sem Vítimas        ,Pleno dia,Ceu Claro,Dupla   ,Rural ,Automóvel,Ileso       ,-1.0,Masculino
83375596,09/07/2015,RN,101,SAO JOSE DE MIPIBU,Falta de atenção,Colisão Transversal,Sem Vítimas        ,Anoitecer,Ceu Claro,Dupla   ,Urbano,Caminhão-Trator,Ileso       ,33.0,Masculino
83375596,09/07/2015,RN,101,SAO JOSE DE MIPIBU,Falta de atenção,Colisão Transversal,Sem Vítimas        ,Anoitecer,Ceu Claro,Dupla   ,Urbano,Caminhonete,Ileso       ,61.0,Feminino
83375611,09/07/2015,RN,101,NATAL,Ingestão de álcool,Tombamento,Com Vítimas Feridas,Plena noite,Ceu Claro,Dupla   ,Urbano,Motocicletas,Ferido Leve ,42.0,Masculino
83375692,10/07/2015,RN,304,MOSSORO,Desobediência à sinalização,Colisão Transversal,Com Vítimas Feridas,Pleno dia,Ceu Claro,Dupla   ,Urbano,Caminhonete,Ileso       ,45.0,Masculino
83375692,10/07/2015,RN,304,MOSSORO,Desobediência à sinalização,Colisão Transversal,Com Vítimas Feridas,Pleno dia,Ceu Claro,Dupla   ,Urbano,Motoneta,Ferido Leve ,37.0,Masculino
83375742,10/07/2015,RN,304,RIACHUELO,Outras,Colisão Transversal,Com Vítimas Feridas,Pleno dia,Sol,Simples ,Rural ,Automóvel,Ileso       ,46.0,Masculino
83375742,10/07/2015,RN,304,RIACHUELO,Outras,Colisão Transversal,Com Vítimas Feridas,Pleno dia,Sol,Simples ,Rural ,Motocicletas,Ferido Leve ,-1.0,Masculino
83375875,10/07/2015,RN,406,SAO GONCALO DO AMARANTE,Ingestão de álcool,Colisão frontal,Sem Vítimas        ,Anoitecer,Ceu Claro,Simples ,Urbano,Caminhonete,Ileso       ,67.0,Feminino
83375875,10/07/2015,RN,406,SAO GONCALO DO AMARANTE,Ingestão de álcool,Colisão frontal,Sem Vítimas        ,Anoitecer,Ceu Claro,Simples ,Urbano,Camioneta,Ileso       ,59.0,Masculino
83375875,10/07/2015,RN,406,SAO GONCALO DO AMARANTE,Ingestão de álcool,Colisão frontal,Sem Vítimas        ,Anoitecer,Ceu Claro,Simples ,Urbano,Ônibus,Ileso       ,38.0,Masculino
83375927,10/07/2015,RN,110,MOSSORO,Não guardar distância de segurança,Colisão traseira,Com Vítimas Feridas,Plena noite,Ceu Claro,Dupla   ,Urbano,Automóvel,Ileso       ,27.0,Feminino
83375927,10/07/2015,RN,110,MOSSORO,Não guardar distância de segurança,Colisão traseira,Com Vítimas Feridas,Plena noite,Ceu Claro,Dupla   ,Urbano,Motocicletas,Ferido Grave,43.0,Masculino
83375932,10/07/2015,RN,406,CEARA-MIRIM,Defeito mecânico em veículo,Saída de Pista,Com Vítimas Feridas,Pleno dia,Ceu Claro,Simples ,Rural ,Automóvel,Ferido Leve ,-1.0,Masculino
83375963,10/07/2015,RN,304,MOSSORO,Outras,Colisão lateral,Com Vítimas Feridas,Plena noite,Ceu Claro,Simples ,Urbano,Motocicletas,Ferido Leve ,27.0,Masculino
83375963,10/07/2015,RN,304,MOSSORO,Outras,Colisão lateral,Com Vítimas Feridas,Plena noite,Ceu Claro,Simples ,Urbano,Motocicletas,Ferido Leve ,24.0,Feminino
83375963,10/07/2015,RN,304,MOSSORO,Outras,Colisão lateral,Com Vítimas Feridas,Plena noite,Ceu Claro,Simples ,Urbano,Automóvel,Ileso       ,33.0,Feminino
83376041,11/07/2015,RN,226,NATAL,Ingestão de álcool,Colisão frontal,Sem Vítimas        ,Pleno dia,Ceu Claro,Dupla   ,Urbano,Automóvel,Ileso       ,49.0,Masculino
83376041,11/07/2015,RN,226,NATAL,Ingestão de álcool,Colisão frontal,Sem Vítimas        ,Pleno dia,Ceu Claro,Dupla   ,Urbano,Automóvel,Ileso       ,26.0,Masculino
83376162,11/07/2015,RN,110,MOSSORO,Ingestão de álcool,Colisão Transversal,Com Vítimas Feridas,Plena noite,Ceu Claro,Simples ,Urbano,Automóvel,Ileso       ,59.0,Masculino
83376162,11/07/2015,RN,110,MOSSORO,Ingestão de álcool,Colisão Transversal,Com Vítimas Feridas,Plena noite,Ceu Claro,Simples ,Urbano,Ciclomotor,Ferido Leve ,40.0,Masculino
83376186,11/07/2015,RN,304,MOSSORO,Falta de atenção,Colisão com bicicleta,Com Vítimas Feridas,Plena noite,Ceu Claro,Simples ,Urbano,Ciclomotor,Ferido Leve ,44.0,Masculino
83376186,11/07/2015,RN,304,MOSSORO,Falta de atenção,Colisão com bicicleta,Com Vítimas Feridas,Plena noite,Ceu Claro,Simples ,Urbano,Bicicleta,Ferido Grave,71.0,Masculino
83376253,12/07/2015,RN,101,NATAL,Velocidade incompatível,Colisão traseira,Com Vítimas Feridas,Plena noite,Ceu Claro,Dupla   ,Urbano,Automóvel,Ileso       ,38.0,Feminino
83376253,12/07/2015,RN,101,NATAL,Velocidade incompatível,Colisão traseira,Com Vítimas Feridas,Plena noite,Ceu Claro,Dupla   ,Urbano,Automóvel,Ileso       ,-1.0,Masculino
83376253,12/07/2015,RN,101,NATAL,Velocidade incompatível,Colisão traseira,Com Vítimas Feridas,Plena noite,Ceu Claro,Dupla   ,Urbano,Automóvel,Ferido Leve ,42.0,Feminino
83376253,12/07/2015,RN,101,NATAL,Velocidade incompatível,Colisão traseira,Com Vítimas Feridas,Plena noite,Ceu Claro,Dupla   ,Urbano,Automóvel,Ileso       ,16.0,Feminino
83376253,12/07/2015,RN,101,NATAL,Velocidade incompatível,Colisão traseira,Com Vítimas Feridas,Plena noite,Ceu Claro,Dupla   ,Urbano,Automóvel,Ileso       ,18.0,Masculino
83376350,09/07/2015,RN,304,MOSSORO,Ingestão de álcool,Saída de Pista,Com Vítimas Feridas,Plena noite,Ceu Claro,Dupla   ,Urbano,Automóvel,Ferido Leve ,-1.0,Masculino
83376350,09/07/2015,RN,304,MOSSORO,Ingestão de álcool,Saída de Pista,Com Vítimas Feridas,Plena noite,Ceu Claro,Dupla   ,Urbano,Automóvel,Ferido Grave,-1.0,Masculino