id,data_inversa,uf,br,municipio,causa_acidente,tipo_acidente,classificacao_acidente,fase_dia,condicao_metereologica,tipo_pista,uso_solo,tipo_veiculo,estado_fisico,idade,sexo
83383558,29/07/2015,RN,406,CEARA-MIRIM,Falta de atenção,Colisão Transversal,Com Vítimas Feridas,Plena noite,Ceu Claro,Simples ,Urbano,Motocicletas,Ferido Leve ,20.0,Masculino
83383558,29/07/2015,RN,406,CEARA-MIRIM,Falta de atenção,Colisão Transversal,Com Vítimas Feridas,Plena noite,Ceu Claro,Simples ,Urbano,Automóvel,Ileso       ,28.0,Masculino
83383588,06/08/2015,RN,101,NATAL,Não guardar distância de segurança,Colisão traseira,Sem Vítimas        ,Pleno dia,Ceu Claro,Simples ,Urbano,Automóvel,Ileso       ,59.0,Feminino
83383588,06/08/2015,RN,101,NATAL,Não guardar distância de segurança,Colisão traseira,Sem Vítimas        ,Pleno dia,Ceu Claro,Simples ,Urbano,Motocicletas,Ileso       ,37.0,Masculino
83383637,03/08/2015,RN,427,CAICO,Outras,Queda de motocicleta / bicicleta / veículo,Com Vítimas Feridas,Amanhecer,Ceu Claro,Simples ,Urbano,Ciclomotor,Ferido Leve ,-1.0,Masculino
83383673,03/08/2015,RN,110,MOSSORO,Desobediência à sinalização,Colisão Transversal,Com Vítimas Feridas,Amanhecer,Ceu Claro,Simples ,Urbano,Ciclomotor,Ferido Leve ,35.0,Masculino
83383673,03/08/2015,RN,110,MOSSORO,Desobediência à sinalização,Colisão Transversal,Com Vítimas Feridas,Amanhecer,Ceu Claro,Simples ,Urbano,Motocicletas,Ferido Leve ,37.0,Masculino
83383726,06/08/2015,RN,110,MOSSORO,Ingestão de álcool,Colisão traseira,Com Vítimas Feridas,Plena noite,Ceu Claro,Dupla   ,Urbano,Motocicletas,Ferido Leve ,47.0,Masculino
83383726,06/08/2015,RN,110,MOSSORO,Ingestão de álcool,Colisão traseira,Com Vítimas Feridas,Plena noite,Ceu Claro,Dupla   ,Urbano,Automóvel,Ignorado    ,-1.0,Masculino
83383728,07/08/2015,RN,101,SAO GONCALO DO AMARANTE,Não guardar distância de segurança,Colisão traseira,Com Vítimas Feridas,Plena noite,Ceu Claro,Dupla   ,Urbano,Ônibus,Ileso       ,45.0,Masculino
83383728,07/08/2015,RN,101,SAO GONCALO DO AMARANTE,Não guardar distância de segurança,Colisão traseira,Com Vítimas Feridas,Plena noite,Ceu Claro,Dupla   ,Urbano,Ônibus,Ileso       ,34.0,Masculino
83383728,07/08/2015,RN,101,SAO GONCALO DO AMARANTE,Não guardar distância de segurança,Colisão traseira,Com Vítimas Feridas,Plena noite,Ceu Claro,Dupla   ,Urbano,Automóvel,Ferido Leve ,59.0,Masculino
83383801,07/08/2015,RN,101,GOIANINHA,Não guardar distância de segurança,Colisão traseira,Sem Vítimas        ,Pleno dia,Sol,Dupla   ,Urbano,Automóvel,Ileso       ,35.0,Masculino
83383801,07/08/2015,RN,101,GOIANINHA,Não guardar distância de segurança,Colisão traseira,Sem Vítimas        ,Pleno dia,Sol,Dupla   ,Urbano,Caminhonete,Ileso       ,32.0,Masculino
83383804,07/08/2015,RN,110,MOSSORO,Desobediência à sinalização,Colisão frontal,Com Vítimas Feridas,Pleno dia,Ceu Claro,Dupla   ,Urbano,Camioneta,Ileso       ,33.0,Feminino
83383804,07/08/2015,RN,110,MOSSORO,Desobediência à sinalização,Colisão frontal,Com Vítimas Feridas,Pleno dia,Ceu Claro,Dupla   ,Urbano,Motoneta,Ferido Grave,27.0,Feminino
83383804,07/08/2015,RN,110,MOSSORO,Desobediência à sinalização,Colisão frontal,Com Vítimas Feridas,Pleno dia,Ceu Claro,Dupla   ,Urbano,Camioneta,Ileso       ,-1.0,Feminino
83383804,07/08/2015,RN,110,MOSSORO,Desobediência à sinalização,Colisão frontal,Com Vítimas Feridas,Pleno dia,Ceu Claro,Dupla   ,Urbano,Camioneta,Ileso       ,-1.0,Feminino
83383969,07/08/2015,RN,406,CEARA-MIRIM,Ingestão de álcool,Colisão Transversal,Sem Vítimas        ,Plena noite,Ceu Claro,Simples ,Urbano,Microônibus,Ignorado    ,-1.0,Inválido
83383969,07/08/2015,RN,406,CEARA-MIRIM,Ingestão de álcool,Colisão Transversal,Sem Vítimas        ,Plena noite,Ceu Claro,Simples ,Urbano,Caminhão,Ileso       ,43.0,Masculino
83384074,08/08/2015,RN,405,MOSSORO,Ingestão de álcool,Colisão Transversal,Com Vítimas Feridas,Pleno dia,Sol,Dupla   ,Urbano,Motoneta,Ileso       ,32.0,Masculino
83384074,08/08/2015,RN,405,MOSSORO,Ingestão de álcool,Colisão Transversal,Com Vítimas Feridas,Pleno dia,Sol,Dupla   ,Urbano,Bicicleta,Ferido Leve ,36.0,Feminino
83384081,08/08/2015,RN,405,MOSSORO,Falta de atenção,Colisão lateral,Sem Vítimas        ,Pleno dia,Ceu Claro,Dupla   ,Urbano,Caminhão,Ileso       ,34.0,Masculino
83384081,08/08/2015,RN,405,MOSSORO,Falta de atenção,Colisão lateral,Sem Vítimas        ,Pleno dia,Ceu Claro,Dupla   ,Urbano,Automóvel,Ileso       ,34.0,Feminino
83384107,08/08/2015,RN,101,NATAL,Outras,Colisão Transversal,Sem Vítimas        ,Pleno dia,Sol,Dupla   ,Urbano,Automóvel,Ileso       ,30.0,Masculino
83384107,08/08/2015,RN,101,NATAL,Outras,Colisão Transversal,Sem Vítimas        ,Pleno dia,Sol,Dupla   ,Urbano,Caminhonete,Ileso       ,37.0,Masculino
83384128,08/08/2015,RN,101,PARNAMIRIM,Outras,Colisão traseira,Com Vítimas Feridas,Pleno dia,Ceu Claro,Dupla   ,Urbano,Motocicletas,Ileso       ,30.0,Masculino
83384128,08/08/2015,RN,101,PARNAMIRIM,Outras,Colisão traseira,Com Vítimas Feridas,Pleno dia,Ceu Claro,Dupla   ,Urbano,Automóvel,Ileso       ,-1.0,Masculino
83384128,08/08/2015,RN,101,PARNAMIRIM,Outras,Colisão traseira,Com Vítimas Feridas,Pleno dia,Ceu Claro,Dupla   ,Urbano,Motocicletas,Ferido Leve ,38.0,Feminino
83384176,07/08/2015,RN,405,MOSSORO,Outras,Colisão com objeto fixo,Ignorado           ,Plena noite,Ceu Claro,Dupla   ,Urbano,Não identificado,Ignorado    ,-1.0,Inválido
83384197,08/08/2015,RN,101,NATAL,Falta de atenção,Colisão lateral,Sem Vítimas        ,Plena noite,Ceu Claro,Dupla   ,Urbano,Automóvel,Ileso       ,32.0,Masculino
83384197,08/08/2015,RN,101,NATAL,Falta de atenção,Colisão lateral,Sem Vítimas        ,Plena noite,Ceu Claro,Dupla   ,Urbano,Caminhão-Trator,Ileso       ,49.0,Masculino
83384205,08/08/2015,RN,304,MACAIBA,Ultrapassagem indevida,Tombamento,Com Vítimas Feridas,Pleno dia,Ceu Claro,Simples ,Rural ,Caminhão-Trator,Ferido Leve ,-1.0,Masculino
83384340,09/08/2015,RN,110,MOSSORO,Ingestão de álcool,Queda de motocicleta / bicicleta / veículo,Com Vítimas Feridas,Pleno dia,Ceu Claro,Dupla   ,Urbano,Ciclomotor,Ferido Leve ,24.0,Masculino
83384362,09/08/2015,RN,101,GOIANINHA,Outras,Saída de Pista,Com Vítimas Feridas,Pleno dia,Nublado,Dupla   ,Rural ,Automóvel,Ileso       ,33.0,Masculino
83384362,09/08/2015,RN,101,GOIANINHA,Outras,Saída de Pista,Com Vítimas Feridas,Pleno dia,Nublado,Dupla   ,Rural ,Automóvel,Ferido Leve ,80.0,Feminino
83384362,09/08/2015,RN,101,GOIANINHA,Outras,Saída de Pista,Com Vítimas Feridas,Pleno dia,Nublado,Dupla   ,Rural ,Automóvel,Ferido Leve ,60.0,Feminino
83384601,09/08/2015,RN,406,SAO GONCALO DO AMARANTE,Ingestão de álcool,Atropelamento de pessoa,Com Vítimas Feridas,Pleno dia,Ceu Claro,Simples ,Urbano,Automóvel,Ileso       ,39.0,Masculino
83384601,09/08/2015,RN,406,SAO GONCALO DO AMARANTE,Ingestão de álcool,Atropelamento de pessoa,Com Vítimas Feridas,Pleno dia,Ceu Claro,Simples ,Urbano,(null),Ferido Leve ,-1.0,Masculino
83384612,05/08/2015,RN,101,SAO JOSE DE MIPIBU,Falta de atenção,Colisão lateral,Com Vítimas Feridas,Anoitecer,Nublado,Dupla   ,Urbano,Automóvel,Ileso       ,58.0,Masculino
83384612,05/08/2015,RN,101,SAO JOSE DE MIPIBU,Falta de atenção,Colisão lateral,Com Vítimas Feridas,Anoitecer,Nublado,Dupla   ,Urbano,Motocicletas,Ferido Leve ,33.0,Masculino
83384636,06/08/2015,RN,304,LAJES,Animais na Pista,Colisão traseira,Sem Vítimas        ,Pleno dia,Sol,Simples ,Rural ,Automóvel,Ileso       ,32.0,Masculino
83384636,06/08/2015,RN,304,LAJES,Animais na Pista,Colisão traseira,Sem Vítimas        ,Pleno dia,Sol,Simples ,Rural ,Automóvel,Ileso       ,38.0,Masculino
83384724,09/08/2015,RN,226,ANTONIO MARTINS,Outras,Queda de motocicleta / bicicleta / veículo,Com Vítimas Fatais ,Plena noite,Ceu Claro,Simples ,Urbano,Motocicletas,Morto       ,61.0,Masculino
83384873,10/08/2015,RN,110,MOSSORO,Não guardar distância de segurança,Colisão traseira,Com Vítimas Feridas,Pleno dia,Sol,Simples ,Urbano,Ciclomotor,Ferido Grave,17.0,Masculino
83384873,10/08/2015,RN,110,MOSSORO,Não guardar distância de segurança,Colisão traseira,Com Vítimas Feridas,Pleno dia,Sol,Simples ,Urbano,Automóvel,Ileso       ,42.0,Feminino
83384896,10/08/2015,RN,226,CURRAIS NOVOS,Falta de atenção,Colisão lateral,Com Vítimas Feridas,Pleno dia,Sol,Dupla   ,Urbano,Motocicletas,Ferido Grave,32.0,Masculino
83384896,10/08/2015,RN,226,CURRAIS NOVOS,Falta de atenção,Colisão lateral,Com Vítimas Feridas,Pleno dia,Sol,Dupla   ,Urbano,Caminhonete,Ileso       ,35.0,Masculino
83384926,06/08/2015,RN,101,PARNAMIRIM,Não guardar distância de segurança,Colisão traseira,Com Vítimas Feridas,Pleno dia,Ceu Claro,Dupla   ,Urbano,Automóvel,Ignorado    ,-1.0,Feminino
83384926,06/08/2015,RN,101,PARNAMIRIM,Não guardar distância de segurança,Colisão traseira,Com Vítimas Feridas,Pleno dia,Ceu Claro,Dupla   ,Urbano,Caminhonete,Ileso       ,30.0,Masculino
83384926,06/08/2015,RN,101,PARNAMIRIM,Não guardar distância de segurança,Colisão traseira,Com Vítimas Feridas,Pleno dia,Ceu Claro,Dupla   ,Urbano,Automóvel,Ferido Grave,48.0,Masculino
83384926,06/08/2015,RN,101,PARNAMIRIM,Não guardar distância de segurança,Colisão traseira,Com Vítimas Feridas,Pleno dia,Ceu Claro,Dupla   ,Urbano,Automóvel,Ileso       ,31.0,Masculino
83384956,07/08/2015,RN,101,PARNAMIRIM,Falta de atenção,Colisão traseira,Com Vítimas Feridas,Plena noite,Ceu Claro,Dupla   ,Urbano,Motocicletas,Ferido Leve ,50.0,Masculino
83384956,07/08/2015,RN,101,PARNAMIRIM,Falta de atenção,Colisão traseira,Com Vítimas Feridas,Plena noite,Ceu Claro,Dupla   ,Urbano,Ônibus,Ileso       ,24.0,Masculino
83385015,11/08/2015,RN,406,TAIPU,Não guardar distância de segurança,Colisão traseira,Sem Vítimas        ,Pleno dia,Ceu Claro,Simples ,Rural ,Automóvel,Ileso       ,52.0,Masculino
83385015,11/08/2015,RN,406,TAIPU,Não guardar distância de segurança,Colisão traseira,Sem Vítimas        ,Pleno dia,Ceu Claro,Simples ,Rural ,Caminhonete,Ignorado    ,27.0,Masculino
83385031,11/08/2015,RN,101,NATAL,Velocidade incompatível,Queda de motocicleta / bicicleta / veículo,Com Vítimas Feridas,Pleno dia,Sol,Dupla   ,Urbano,Motocicletas,Ferido Leve ,21.0,Masculino
83385031,11/08/2015,RN,101,NATAL,Velocidade incompatível,Queda de motocicleta / bicicleta / veículo,Com Vítimas Feridas,Pleno dia,Sol,Dupla   ,Urbano,Motocicletas,Ileso       ,24.0,Masculino
83385031,11/08/2015,RN,101,NATAL,Velocidade incompatível,Queda de motocicleta / bicicleta / veículo,Com Vítimas Feridas,Pleno dia,Sol,Dupla   ,Urbano,Ônibus,Ileso       ,39.0,Masculino
83385106,22/06/2015,RN,405,MOSSORO,Não guardar distância de segurança,Colisão traseira,Com Vítimas Feridas,Pleno dia,Ceu Claro,Dupla   ,Urbano,Automóvel,Ileso       ,53.0,Feminino
83385106,22/06/2015,RN,405,MOSSORO,Não guardar distância de segurança,Colisão traseira,Com Vítimas Feridas,Pleno dia,Ceu Claro,Dupla   ,Urbano,Ciclomotor,Ferido Leve ,17.0,Feminino
83385106,22/06/2015,RN,405,MOSSORO,Não guardar distância de segurança,Colisão traseira,Com Vítimas Feridas,Pleno dia,Ceu Claro,Dupla   ,Urbano,Ciclomotor,Ferido Leve ,29.0,Feminino
83385115,11/08/2015,RN,110,MOSSORO,Falta de atenção,Colisão Transversal,Com Vítimas Feridas,Plena noite,Ceu Claro,Simples ,Urbano,Caminhonete,Ileso       ,27.0,Masculino
83385115,11/08/2015,RN,110,MOSSORO,Falta de atenção,Colisão Transversal,Com Vítimas Feridas,Plena noite,Ceu Claro,Simples ,Urbano,Caminhonete,Ileso       ,28.0,Feminino
83385115,11/08/2015,RN,110,MOSSORO,Falta de atenção,Colisão Transversal,Com Vítimas Feridas,Plena noite,Ceu Claro,Simples ,Urbano,Ciclomotor,Ferido Grave,16.0,Masculino
83385122,11/08/2015,RN,427,SERRA NEGRA DO NORTE,Animais na Pista,Atropelamento de animal,Sem Vítimas        ,Plena noite,Ceu Claro,Simples ,Rural ,Camioneta,Ileso       ,29.0,Masculino
83385122,11/08/2015,RN,427,SERRA NEGRA DO NORTE,Animais na Pista,Atropelamento de animal,Sem Vítimas        ,Plena noite,Ceu Claro,Simples ,Rural ,Camioneta,Ileso       ,45.0,Masculino
83385146,11/08/2015,RN,304,MOSSORO,Falta de atenção,Colisão traseira,Com Vítimas Feridas,Pleno dia,Sol,Dupla   ,Urbano,Automóvel,Ileso       ,26.0,Masculino
83385146,11/08/2015,RN,304,MOSSORO,Falta de atenção,Colisão traseira,Com Vítimas Feridas,Pleno dia,Sol,Dupla   ,Urbano,Ciclomotor,Ferido Leve ,48.0,Masculino
83385174,11/08/2015,RN,101,NATAL,Outras,Colisão lateral,Com Vítimas Feridas,Pleno dia,Chuva,Dupla   ,Urbano,Automóvel,Ileso       ,21.0,Masculino
83385174,11/08/2015,RN,101,NATAL,Outras,Colisão lateral,Com Vítimas Feridas,Pleno dia,Chuva,Dupla   ,Urbano,Motocicletas,Ferido Leve ,36.0,Masculino
83385217,12/08/2015,RN,101,PARNAMIRIM,Falta de atenção,Colisão lateral,Sem Vítimas        ,Pleno dia,Chuva,Dupla   ,Urbano,Camioneta,Ileso       ,-1.0,Feminino
83385217,12/08/2015,RN,101,PARNAMIRIM,Falta de atenção,Colisão lateral,Sem Vítimas        ,Pleno dia,Chuva,Dupla   ,Urbano,Ciclomotor,Ignorado    ,41.0,Masculino
83385217,12/08/2015,RN,101,PARNAMIRIM,Falta de atenção,Colisão lateral,Sem Vítimas        ,Pleno dia,Chuva,Dupla   ,Urbano,Ciclomotor,Ignorado    ,-1.0,Masculino
83385241,12/08/2015,RN,304,MOSSORO,Outras,Colisão lateral,Sem Vítimas        ,Pleno dia,Ceu Claro,Dupla   ,Urbano,Caminhão-Trator,Ileso       ,34.0,Masculino
83385241,12/08/2015,RN,304,MOSSORO,Outras,Colisão lateral,Sem Vítimas        ,Pleno dia,Ceu Claro,Dupla   ,Urbano,Automóvel,Ileso       ,28.0,Masculino
83385242,10/08/2015,RN,226,CURRAIS NOVOS,Outras,Capotamento,Sem Vítimas        ,Pleno dia,Nublado,Simples ,Rural ,Automóvel,Ileso       ,46.0,Masculino
83385400,12/08/2015,RN,226,SERRA CAIADA,Ultrapassagem indevida,Colisão frontal,Com Vítimas Fatais ,Pleno dia,Ceu Claro,Simples ,Rural ,Automóvel,Morto       ,34.0,Feminino
83385400,12/08/2015,RN,226,SERRA CAIADA,Ultrapassagem indevida,Colisão frontal,Com Vítimas Fatais ,Pleno dia,Ceu Claro,Simples ,Rural ,Caminhão,Ileso       ,40.0,Masculino
83385477,08/08/2015,RN,304,MACAIBA,Outras,Colisão lateral,Sem Vítimas        ,Plena noite,Ceu Claro,Simples ,Rural ,Caminhonete,Ileso       ,58.0,Masculino
83385477,08/08/2015,RN,304,MACAIBA,Outras,Colisão lateral,Sem Vítimas        ,Plena noite,Ceu Claro,Simples ,Rural ,Ônibus,Ileso       ,43.0,Masculino
83385505,08/08/2015,RN,304,MOSSORO,Velocidade incompatível,Saída de Pista,Com Vítimas Feridas,Plena noite,Ceu Claro,Simples ,Rural ,Automóvel,Ferido Grave,28.0,Masculino
83385751,11/08/2015,RN,304,MACAIBA,Não guardar distância de segurança,Colisão traseira,Com Vítimas Feridas,Amanhecer,Ceu Claro,Simples ,Rural ,Motocicletas,Ferido Grave,27.0,Masculino
83385751,11/08/2015,RN,304,MACAIBA,Não guardar distância de segurança,Colisão traseira,Com Vítimas Feridas,Amanhecer,Ceu Claro,Simples ,Rural ,Motocicletas,Ferido Leve ,25.0,Masculino
83385751,11/08/2015,RN,304,MACAIBA,Não guardar distância de segurança,Colisão traseira,Com Vítimas Feridas,Amanhecer,Ceu Claro,Simples ,Rural ,Motocicletas,Ferido Leve ,-1.0,Masculino
83385809,14/08/2015,RN,101,GOIANINHA,Velocidade incompatível,Saída de Pista,Sem Vítimas        ,Amanhecer,Chuva,Dupla   ,Rural ,Automóvel,Ileso       ,-1.0,Masculino
83385869,14/08/2015,RN,101,NATAL,Outras,Queda de motocicleta / bicicleta / veículo,Com Vítimas Feridas,Pleno dia,Ceu Claro,Múltipla,Urbano,Motocicletas,Ferido Grave,37.0,Masculino
83385869,14/08/2015,RN,101,NATAL,Outras,Queda de motocicleta / bicicleta / veículo,Com Vítimas Feridas,Pleno dia,Ceu Claro,Múltipla,Urbano,Motocicletas,Ferido Grave,42.0,Masculino
83385869,14/08/2015,RN,101,NATAL,Outras,Queda de motocicleta / bicicleta / veículo,Com Vítimas Feridas,Pleno dia,Ceu Claro,Múltipla,Urbano,Automóvel,Ignorado    ,-1.0,Inválido
83386008,14/08/2015,RN,226,MACAIBA,Falta de atenção,Colisão Transversal,Com Vítimas Feridas,Plena noite,Nublado,Simples ,Rural ,Camioneta,Ileso       ,34.0,Masculino
83386008,14/08/2015,RN,226,MACAIBA,Falta de atenção,Colisão Transversal,Com Vítimas Feridas,Plena noite,Nublado,Simples ,Rural ,Motocicletas,Ferido Leve ,28.0,Masculino
83386085,12/08/2015,RN,405,APODI,Não guardar distância de segurança,Colisão traseira,Sem Vítimas        ,Pleno dia,Ceu Claro,Simples ,Urbano,Caminhão,Ileso       ,33.0,Masculino
83386085,12/08/2015,RN,405,APODI,Não guardar distância de segurança,Colisão traseira,Sem Vítimas        ,Pleno dia,Ceu Claro,Simples ,Urbano,Motocicletas,Ignorado    ,-1.0,Masculino
83386089,15/08/2015,RN,226,CURRAIS NOVOS,Falta de atenção,Colisão Transversal,Com Vítimas Feridas,Pleno dia,Ceu Claro,Dupla   ,Urbano,Automóvel,Ileso       ,76.0,Masculino
83386089,15/08/2015,RN,226,CURRAIS NOVOS,Falta de atenção,Colisão Transversal,Com Vítimas Feridas,Pleno dia,Ceu Claro,Dupla   ,Urbano,Motoneta,Ferido Leve ,20.0,Feminino
83386153,15/08/2015,RN,101,GOIANINHA,Não guardar distância de segurança,Colisão traseira,Com Vítimas Feridas,Pleno dia,Sol,Dupla   ,Urbano,Automóvel,Ileso       ,27.0,Masculino
83386153,15/08/2015,RN,101,GOIANINHA,Não guardar distância de segurança,Colisão traseira,Com Vítimas Feridas,Pleno dia,Sol,Dupla   ,Urbano,Motocicletas,Ferido Leve ,34.0,Masculino
83386156,15/08/2015,RN,101,SAO GONCALO DO AMARANTE,Falta de atenção,Colisão frontal,Com Vítimas Feridas,Pleno dia,Ceu Claro,Dupla   ,Urbano,Caminhão,Ileso       ,32.0,Masculino
83386156,15/08/2015,RN,101,SAO GONCALO DO AMARANTE,Falta de atenção,Colisão frontal,Com Vítimas Feridas,Pleno dia,Ceu Claro,Dupla   ,Urbano,Ciclomotor,Ferido Leve ,-1.0,Masculino
83386206,15/08/2015,RN,226,NATAL,Outras,Colisão traseira,Com Vítimas Feridas,Amanhecer,Ceu Claro,Simples ,Urbano,Ciclomotor,Ferido Grave,24.0,Masculino
83386206,15/08/2015,RN,226,NATAL,Outras,Colisão traseira,Com Vítimas Feridas,Amanhecer,Ceu Claro,Simples ,Urbano,Caminhonete,Ignorado    ,-1.0,Masculino
83386254,15/08/2015,RN,406,CEARA-MIRIM,Outras,Atropelamento de pessoa,Com Vítimas Fatais ,Plena noite,Ceu Claro,Simples ,Urbano,Camioneta,Ignorado    ,-1.0,Inválido
83386254,15/08/2015,RN,406,CEARA-MIRIM,Outras,Atropelamento de pessoa,Com Vítimas Fatais ,Plena noite,Ceu Claro,Simples ,Urbano,(null),Morto       ,36.0,Masculino
83386270,16/08/2015,RN,101,PARNAMIRIM,Desobediência à sinalização,Colisão Transversal,Sem Vítimas        ,Plena noite,Ceu Claro,Dupla   ,Urbano,Automóvel,Ileso       ,28.0,Masculino
83386270,16/08/2015,RN,101,PARNAMIRIM,Desobediência à sinalização,Colisão Transversal,Sem Vítimas        ,Plena noite,Ceu Claro,Dupla   ,Urbano,Automóvel,Ileso       ,44.0,Masculino
83386314,08/08/2015,RN,101,SAO GONCALO DO AMARANTE,Velocidade incompatível,Colisão lateral,Com Vítimas Feridas,Plena noite,Ceu Claro,Dupla   ,Urbano,Motocicletas,Ferido Leve ,46.0,Masculino
83386314,08/08/2015,RN,101,SAO GONCALO DO AMARANTE,Velocidade incompatível,Colisão lateral,Com Vítimas Feridas,Plena noite,Ceu Claro,Dupla   ,Urbano,Motocicletas,Ferido Leve ,22.0,Masculino
83386362,16/08/2015,RN,101,NATAL,Falta de atenção,Colisão Transversal,Sem Vítimas        ,Pleno dia,Ceu Claro,Dupla   ,Urbano,Automóvel,Ileso       ,29.0,Masculino
83386362,16/08/2015,RN,101,NATAL,Falta de atenção,Colisão Transversal,Sem Vítimas        ,Pleno dia,Ceu Claro,Dupla   ,Urbano,Automóvel,Ileso       ,63.0,Masculino
83386406,16/08/2015,RN,101,PARNAMIRIM,Dormindo,Colisão com objeto fixo,Sem Vítimas        ,Pleno dia,Ceu Claro,Dupla   ,Urbano,Automóvel,Ileso       ,24.0,Masculino
83386453,16/08/2015,RN,406,CEARA-MIRIM,Animais na Pista,Atropelamento de animal,Com Vítimas Feridas,Anoitecer,Ceu Claro,Simples ,Urbano,Motocicletas,Ferido Leve ,40.0,Masculino
83386482,16/08/2015,RN,304,SANTA MARIA,Defeito na via,Capotamento,Sem Vítimas        ,Pleno dia,Ceu Claro,Simples ,Rural ,Caminhonete,Ileso       ,46.0,Masculino
83386488,16/08/2015,RN,101,PARNAMIRIM,Outras,Colisão lateral,Sem Vítimas        ,Plena noite,Ceu Claro,Dupla   ,Urbano,Automóvel,Ignorado    ,-1.0,Inválido
83386488,16/08/2015,RN,101,PARNAMIRIM,Outras,Colisão lateral,Sem Vítimas        ,Plena noite,Ceu Claro,Dupla   ,Urbano,Utilitário,Ileso       ,51.0,Masculino
83386496,14/08/2015,RN,405,APODI,Outras,Colisão com objeto fixo,Com Vítimas Fatais ,Plena noite,Ceu Claro,Dupla   ,Urbano,Motocicletas,Morto       ,29.0,Masculino
83386555,09/08/2015,RN,101,NATAL,Não guardar distância de segurança,Colisão lateral,Com Vítimas Feridas,Plena noite,Ceu Claro,Múltipla,Urbano,Motocicletas,Ferido Leve ,29.0,Masculino
83386555,09/08/2015,RN,101,NATAL,Não guardar distância de segurança,Colisão lateral,Com Vítimas Feridas,Plena noite,Ceu Claro,Múltipla,Urbano,Automóvel,Ileso       ,-1.0,Inválido
83386569,14/08/2015,RN,405,MOSSORO,Falta de atenção,Colisão lateral,Com Vítimas Feridas,Pleno dia,Ceu Claro,Simples ,Urbano,Motocicletas,Ileso       ,26.0,Masculino
83386569,14/08/2015,RN,405,MOSSORO,Falta de atenção,Colisão lateral,Com Vítimas Feridas,Pleno dia,Ceu Claro,Simples ,Urbano,Motocicletas,Ferido Leve ,21.0,Masculino
83386569,14/08/2015,RN,405,MOSSORO,Falta de atenção,Colisão lateral,Com Vítimas Feridas,Pleno dia,Ceu Claro,Simples ,Urbano,Automóvel,Ileso       ,33.0,Masculino
83386653,12/08/2015,RN,101,PARNAMIRIM,Ingestão de álcool,Queda de motocicleta / bicicleta / veículo,Com Vítimas Feridas,Plena noite,Ceu Claro,Múltipla,Urbano,Motocicletas,Ferido Leve ,22.0,Masculino
83386657,17/08/2015,RN,406,CEARA-MIRIM,Defeito na via,Saída de Pista,Com Vítimas Feridas,Pleno dia,Ceu Claro,Simples ,Rural ,Automóvel,Ferido Leve ,32.0,Feminino
83386657,17/08/2015,RN,406,CEARA-MIRIM,Defeito na via,Saída de Pista,Com Vítimas Feridas,Pleno dia,Ceu Claro,Simples ,Rural ,Automóvel,Ferido Grave,64.0,Feminino
83386678,12/07/2015,RN,101,NATAL,Velocidade incompatível,Colisão traseira,Com Vítimas Feridas,Pleno dia,Chuva,Dupla   ,Urbano,Automóvel,Ileso       ,25.0,Masculino
83386678,12/07/2015,RN,101,NATAL,Velocidade incompatível,Colisão traseira,Com Vítimas Feridas,Pleno dia,Chuva,Dupla   ,Urbano,Automóvel,Ileso       ,50.0,Masculino
83386678,12/07/2015,RN,101,NATAL,Velocidade incompatível,Colisão traseira,Com Vítimas Feridas,Pleno dia,Chuva,Dupla   ,Urbano,Automóvel,Ferido Leve ,46.0,Masculino
83386716,17/08/2015,RN,110,MOSSORO,Outras,Colisão Transversal,Com Vítimas Feridas,Plena noite,Ceu Claro,Simples ,Urbano,Automóvel,Ileso       ,62.0,Masculino
83386716,17/08/2015,RN,110,MOSSORO,Outras,Colisão Transversal,Com Vítimas Feridas,Plena noite,Ceu Claro,Simples ,Urbano,Ciclomotor,Ferido Grave,39.0,Masculino
83386725,10/08/2015,RN,101,SAO GONCALO DO AMARANTE,Defeito mecânico em veículo,Colisão traseira,Com Vítimas Feridas,Pleno dia,Ceu Claro,Dupla   ,Urbano,Motocicletas,Ferido Grave,20.0,Masculino
83386725,10/08/2015,RN,101,SAO GONCALO DO AMARANTE,Defeito mecânico em veículo,Colisão traseira,Com Vítimas Feridas,Pleno dia,Ceu Claro,Dupla   ,Urbano,Automóvel,Ileso       ,31.0,Masculino
83386725,10/08/2015,RN,101,SAO GONCALO DO AMARANTE,Defeito mecânico em veículo,Colisão traseira,Com Vítimas Feridas,Pleno dia,Ceu Claro,Dupla   ,Urbano,Ônibus,Ileso       ,50.0,Masculino
83386726,17/08/2015,RN,226,NATAL,Outras,Atropelamento de pessoa,Com Vítimas Feridas,Pleno dia,Sol,Simples ,Urbano,Caminhonete,Ileso       ,49.0,Masculino
83386726,17/08/2015,RN,226,NATAL,Outras,Atropelamento de pessoa,Com Vítimas Feridas,Pleno dia,Sol,Simples ,Urbano,(null),Ferido Grave,34.0,Masculino