id,data_inversa,uf,br,municipio,causa_acidente,tipo_acidente,classificacao_acidente,fase_dia,condicao_metereologica,tipo_pista,uso_solo,tipo_veiculo,estado_fisico,idade,sexo
83400832,07/10/2015,RN,406,TAIPU,Falta de atenção,Atropelamento de pessoa,Com Vítimas Fatais ,Pleno dia,Nublado,Simples ,Rural ,Automóvel,Ileso       ,49.0,Masculino
83400832,07/10/2015,RN,406,TAIPU,Falta de atenção,Atropelamento de pessoa,Com Vítimas Fatais ,Pleno dia,Nublado,Simples ,Rural ,(null),Morto       ,89.0,Masculino
83400913,07/10/2015,RN,101,NATAL,Ingestão de álcool,Queda de motocicleta / bicicleta / veículo,Com Vítimas Feridas,Plena noite,Ceu Claro,Dupla   ,Urbano,Motocicletas,Ferido Leve ,43.0,Masculino
83400938,07/10/2015,RN,101,PARNAMIRIM,Falta de atenção,Colisão lateral,Com Vítimas Feridas,Anoitecer,Ceu Claro,Múltipla,Urbano,Motocicletas,Ferido Leve ,37.0,Masculino
83400938,07/10/2015,RN,101,PARNAMIRIM,Falta de atenção,Colisão lateral,Com Vítimas Feridas,Anoitecer,Ceu Claro,Múltipla,Urbano,Motocicletas,Ignorado    ,-1.0,Inválido
83400947,07/10/2015,RN,101,NATAL,Falta de atenção,Colisão lateral,Com Vítimas Feridas,Pleno dia,Ceu Claro,Dupla   ,Urbano,Automóvel,Ileso       ,76.0,Masculino
83400947,07/10/2015,RN,101,NATAL,Falta de atenção,Colisão lateral,Com Vítimas Feridas,Pleno dia,Ceu Claro,Dupla   ,Urbano,Motocicletas,Ferido Leve ,39.0,Masculino
83400953,07/10/2015,RN,226,SANTA CRUZ,Não guardar distância de segurança,Colisão Transversal,Com Vítimas Feridas,Plena noite,Ceu Claro,Simples ,Urbano,Automóvel,Ileso       ,31.0,Masculino
83400953,07/10/2015,RN,226,SANTA CRUZ,Não guardar distância de segurança,Colisão Transversal,Com Vítimas Feridas,Plena noite,Ceu Claro,Simples ,Urbano,Automóvel,Ileso       ,-1.0,Feminino
83400953,07/10/2015,RN,226,SANTA CRUZ,Não guardar distância de segurança,Colisão Transversal,Com Vítimas Feridas,Plena noite,Ceu Claro,Simples ,Urbano,Ciclomotor,Ferido Grave,37.0,Feminino
83400969,07/10/2015,RN,101,SAO JOSE DE MIPIBU,Defeito mecânico em veículo,Colisão traseira,Com Vítimas Feridas,Pleno dia,Chuva,Dupla   ,Rural ,Automóvel,Ferido Leve ,40.0,Masculino
83400969,07/10/2015,RN,101,SAO JOSE DE MIPIBU,Defeito mecânico em veículo,Colisão traseira,Com Vítimas Feridas,Pleno dia,Chuva,Dupla   ,Rural ,Automóvel,Ileso       ,34.0,Masculino
83400969,07/10/2015,RN,101,SAO JOSE DE MIPIBU,Defeito mecânico em veículo,Colisão traseira,Com Vítimas Feridas,Pleno dia,Chuva,Dupla   ,Rural ,Automóvel,Ferido Leve ,65.0,Feminino
83400969,07/10/2015,RN,101,SAO JOSE DE MIPIBU,Defeito mecânico em veículo,Colisão traseira,Com Vítimas Feridas,Pleno dia,Chuva,Dupla   ,Rural ,Automóvel,Ferido Leve ,27.0,Feminino
83400969,07/10/2015,RN,101,SAO JOSE DE MIPIBU,Defeito mecânico em veículo,Colisão traseira,Com Vítimas Feridas,Pleno dia,Chuva,Dupla   ,Rural ,Automóvel,Ileso       ,34.0,Masculino
83400982,07/10/2015,RN,101,SAO GONCALO DO AMARANTE,Falta de atenção,Colisão com objeto fixo,Com Vítimas Feridas,Plena noite,Nublado,Simples ,Urbano,Motocicletas,Ferido Grave,40.0,Masculino
83400992,07/10/2015,RN,304,MOSSORO,Outras,Colisão Transversal,Sem Vítimas        ,Plena noite,Nublado,Dupla   ,Rural ,Automóvel,Ignorado    ,-1.0,Feminino
83400992,07/10/2015,RN,304,MOSSORO,Outras,Colisão Transversal,Sem Vítimas        ,Plena noite,Nublado,Dupla   ,Rural ,Caminhão,Ileso       ,54.0,Masculino
83400999,07/10/2015,RN,304,ASSU,Outras,Atropelamento de pessoa,Com Vítimas Feridas,Plena noite,Ceu Claro,Simples ,Rural ,(null),Ferido Grave,34.0,Masculino
83400999,07/10/2015,RN,304,ASSU,Outras,Atropelamento de pessoa,Com Vítimas Feridas,Plena noite,Ceu Claro,Simples ,Rural ,Caminhão,Ignorado    ,-1.0,Inválido
83401011,27/09/2015,RN,304,MOSSORO,Outras,Colisão frontal,Com Vítimas Fatais ,Plena noite,Ignorada,Dupla   ,Urbano,Motocicletas,Morto       ,46.0,Masculino
83401011,27/09/2015,RN,304,MOSSORO,Outras,Colisão frontal,Com Vítimas Fatais ,Plena noite,Ignorada,Dupla   ,Urbano,Automóvel,Ignorado    ,-1.0,Inválido
83401057,09/03/2015,RN,304,MOSSORO,Ingestão de álcool,Colisão traseira,Com Vítimas Feridas,Plena noite,Ceu Claro,Simples ,Urbano,Automóvel,Ileso       ,33.0,Masculino
83401057,09/03/2015,RN,304,MOSSORO,Ingestão de álcool,Colisão traseira,Com Vítimas Feridas,Plena noite,Ceu Claro,Simples ,Urbano,Ciclomotor,Ferido Grave,-1.0,Masculino
83401103,06/10/2015,RN,304,LAJES,Defeito mecânico em veículo,Colisão traseira,Sem Vítimas        ,Plena noite,Ceu Claro,Simples ,Urbano,Caminhonete,Ileso       ,-1.0,Masculino
83401103,06/10/2015,RN,304,LAJES,Defeito mecânico em veículo,Colisão traseira,Sem Vítimas        ,Plena noite,Ceu Claro,Simples ,Urbano,Automóvel,Ileso       ,25.0,Masculino
83401125,08/10/2015,RN,101,NATAL,Outras,Colisão traseira,Sem Vítimas        ,Pleno dia,Sol,Múltipla,Urbano,Ônibus,Ileso       ,47.0,Masculino
83401125,08/10/2015,RN,101,NATAL,Outras,Colisão traseira,Sem Vítimas        ,Pleno dia,Sol,Múltipla,Urbano,Automóvel,Ileso       ,19.0,Masculino
83401129,08/10/2015,RN,101,NATAL,Falta de atenção,Colisão lateral,Sem Vítimas        ,Pleno dia,Ceu Claro,Dupla   ,Urbano,Ônibus,Ileso       ,37.0,Masculino
83401129,08/10/2015,RN,101,NATAL,Falta de atenção,Colisão lateral,Sem Vítimas        ,Pleno dia,Ceu Claro,Dupla   ,Urbano,Automóvel,Ileso       ,29.0,Masculino
83401238,08/10/2015,RN,405,TABOLEIRO GRANDE,Outras,Tombamento,Com Vítimas Feridas,Pleno dia,Sol,Simples ,Rural ,Caminhão-Trator,Ferido Leve ,44.0,Masculino
83401264,08/10/2015,RN,406,JOAO CAMARA,Ingestão de álcool,Colisão frontal,Sem Vítimas        ,Anoitecer,Ceu Claro,Simples ,Urbano,Automóvel,Ileso       ,46.0,Masculino
83401264,08/10/2015,RN,406,JOAO CAMARA,Ingestão de álcool,Colisão frontal,Sem Vítimas        ,Anoitecer,Ceu Claro,Simples ,Urbano,Automóvel,Ileso       ,26.0,Masculino
83401301,08/10/2015,RN,406,SAO GONCALO DO AMARANTE,Falta de atenção,Colisão Transversal,Com Vítimas Feridas,Plena noite,Ceu Claro,Simples ,Urbano,Automóvel,Ileso       ,-1.0,Masculino
83401301,08/10/2015,RN,406,SAO GONCALO DO AMARANTE,Falta de atenção,Colisão Transversal,Com Vítimas Feridas,Plena noite,Ceu Claro,Simples ,Urbano,Motocicletas,Ferido Grave,28.0,Masculino
83401340,05/10/2015,RN,304,MACAIBA,Não guardar distância de segurança,Colisão traseira,Com Vítimas Feridas,Anoitecer,Ceu Claro,Simples ,Rural ,Caminhão-Trator,Ileso       ,31.0,Masculino
83401340,05/10/2015,RN,304,MACAIBA,Não guardar distância de segurança,Colisão traseira,Com Vítimas Feridas,Anoitecer,Ceu Claro,Simples ,Rural ,Ônibus,Ileso       ,29.0,Masculino
83401340,05/10/2015,RN,304,MACAIBA,Não guardar distância de segurança,Colisão traseira,Com Vítimas Feridas,Anoitecer,Ceu Claro,Simples ,Rural ,Ônibus,Ferido Leve ,70.0,Feminino
83401340,05/10/2015,RN,304,MACAIBA,Não guardar distância de segurança,Colisão traseira,Com Vítimas Feridas,Anoitecer,Ceu Claro,Simples ,Rural ,Caminhão-Trator,Ileso       ,56.0,Masculino
83401340,05/10/2015,RN,304,MACAIBA,Não guardar distância de segurança,Colisão traseira,Com Vítimas Feridas,Anoitecer,Ceu Claro,Simples ,Rural ,Caminhonete,Ileso       ,31.0,Masculino
83401361,05/10/2015,RN,226,SANTA CRUZ,Ingestão de álcool,Atropelamento de pessoa,Com Vítimas Feridas,Plena noite,Ceu Claro,Simples ,Urbano,Motocicletas,Ferido Leve ,39.0,Masculino
83401361,05/10/2015,RN,226,SANTA CRUZ,Ingestão de álcool,Atropelamento de pessoa,Com Vítimas Feridas,Plena noite,Ceu Claro,Simples ,Urbano,Motocicletas,Ferido Leve ,44.0,Feminino
83401361,05/10/2015,RN,226,SANTA CRUZ,Ingestão de álcool,Atropelamento de pessoa,Com Vítimas Feridas,Plena noite,Ceu Claro,Simples ,Urbano,(null),Ferido Leve ,-1.0,Feminino
83401518,09/10/2015,RN,304,SANTA MARIA,Animais na Pista,Atropelamento de animal,Com Vítimas Feridas,Plena noite,Ceu Claro,Simples ,Rural ,Motocicletas,Ferido Leve ,47.0,Masculino
83401548,10/10/2015,RN,101,SAO GONCALO DO AMARANTE,Não guardar distância de segurança,Colisão com objeto fixo,Sem Vítimas        ,Pleno dia,Ceu Claro,Dupla   ,Urbano,Automóvel,Ileso       ,26.0,Masculino
83401579,10/10/2015,RN,304,MOSSORO,Outras,Colisão frontal,Com Vítimas Fatais ,Pleno dia,Ceu Claro,Simples ,Rural ,Automóvel,Morto       ,39.0,Feminino
83401579,10/10/2015,RN,304,MOSSORO,Outras,Colisão frontal,Com Vítimas Fatais ,Pleno dia,Ceu Claro,Simples ,Rural ,Automóvel,Ferido Grave,40.0,Feminino
83401579,10/10/2015,RN,304,MOSSORO,Outras,Colisão frontal,Com Vítimas Fatais ,Pleno dia,Ceu Claro,Simples ,Rural ,Automóvel,Ileso       ,11.0,Feminino
83401579,10/10/2015,RN,304,MOSSORO,Outras,Colisão frontal,Com Vítimas Fatais ,Pleno dia,Ceu Claro,Simples ,Rural ,Automóvel,Ferido Grave,23.0,Feminino
83401579,10/10/2015,RN,304,MOSSORO,Outras,Colisão frontal,Com Vítimas Fatais ,Pleno dia,Ceu Claro,Simples ,Rural ,Automóvel,Ileso       ,2.0,Feminino
83401579,10/10/2015,RN,304,MOSSORO,Outras,Colisão frontal,Com Vítimas Fatais ,Pleno dia,Ceu Claro,Simples ,Rural ,Automóvel,Ferido Grave,27.0,Feminino
83401579,10/10/2015,RN,304,MOSSORO,Outras,Colisão frontal,Com Vítimas Fatais ,Pleno dia,Ceu Claro,Simples ,Rural ,Automóvel,Morto       ,-1.0,Masculino
83401594,10/10/2015,RN,226,CAMPO GRANDE,Outras,Colisão Transversal,Com Vítimas Feridas,Plena noite,Ceu Claro,Simples ,Rural ,Automóvel,Ileso       ,44.0,Masculino
83401594,10/10/2015,RN,226,CAMPO GRANDE,Outras,Colisão Transversal,Com Vítimas Feridas,Plena noite,Ceu Claro,Simples ,Rural ,Automóvel,Ileso       ,-1.0,Feminino
83401594,10/10/2015,RN,226,CAMPO GRANDE,Outras,Colisão Transversal,Com Vítimas Feridas,Plena noite,Ceu Claro,Simples ,Rural ,Motocicletas,Ferido Grave,20.0,Masculino
83401620,09/10/2015,RN,101,PARNAMIRIM,Não guardar distância de segurança,Colisão traseira,Com Vítimas Feridas,Plena noite,Ceu Claro,Dupla   ,Urbano,Automóvel,Ileso       ,42.0,Masculino
83401620,09/10/2015,RN,101,PARNAMIRIM,Não guardar distância de segurança,Colisão traseira,Com Vítimas Feridas,Plena noite,Ceu Claro,Dupla   ,Urbano,Motocicletas,Ferido Leve ,33.0,Masculino
83401620,09/10/2015,RN,101,PARNAMIRIM,Não guardar distância de segurança,Colisão traseira,Com Vítimas Feridas,Plena noite,Ceu Claro,Dupla   ,Urbano,Motocicletas,Ileso       ,22.0,Masculino
83401741,11/10/2015,RN,304,SAO PEDRO,Ingestão de álcool,Atropelamento de pessoa,Com Vítimas Fatais ,Amanhecer,Ceu Claro,Simples ,Rural ,Automóvel,Ignorado    ,47.0,Masculino
83401741,11/10/2015,RN,304,SAO PEDRO,Ingestão de álcool,Atropelamento de pessoa,Com Vítimas Fatais ,Amanhecer,Ceu Claro,Simples ,Rural ,(null),Morto       ,52.0,Masculino
83401742,09/04/2015,RN,101,NATAL,Não guardar distância de segurança,Colisão traseira,Com Vítimas Feridas,Amanhecer,Ceu Claro,Múltipla,Urbano,Automóvel,Ileso       ,39.0,Feminino
83401742,09/04/2015,RN,101,NATAL,Não guardar distância de segurança,Colisão traseira,Com Vítimas Feridas,Amanhecer,Ceu Claro,Múltipla,Urbano,Automóvel,Ileso       ,23.0,Masculino
83401742,09/04/2015,RN,101,NATAL,Não guardar distância de segurança,Colisão traseira,Com Vítimas Feridas,Amanhecer,Ceu Claro,Múltipla,Urbano,Automóvel,Ferido Leve ,52.0,Feminino
83401797,11/10/2015,RN,110,MOSSORO,Outras,Queda de motocicleta / bicicleta / veículo,Com Vítimas Feridas,Pleno dia,Ceu Claro,Simples ,Urbano,Motocicletas,Ferido Grave,18.0,Masculino
83401797,11/10/2015,RN,110,MOSSORO,Outras,Queda de motocicleta / bicicleta / veículo,Com Vítimas Feridas,Pleno dia,Ceu Claro,Simples ,Urbano,Motocicletas,Ferido Leve ,13.0,Masculino
83401870,10/10/2015,RN,304,MOSSORO,Outras,Colisão lateral,Com Vítimas Feridas,Amanhecer,Ceu Claro,Simples ,Rural ,Motocicletas,Ferido Grave,49.0,Masculino
83401870,10/10/2015,RN,304,MOSSORO,Outras,Colisão lateral,Com Vítimas Feridas,Amanhecer,Ceu Claro,Simples ,Rural ,Caminhão,Ignorado    ,-1.0,Masculino
83401972,11/10/2015,RN,427,ACARI,Outras,Colisão frontal,Com Vítimas Fatais ,Plena noite,Ceu Claro,Simples ,Rural ,Motocicletas,Morto       ,37.0,Masculino
83401972,11/10/2015,RN,427,ACARI,Outras,Colisão frontal,Com Vítimas Fatais ,Plena noite,Ceu Claro,Simples ,Rural ,Camioneta,Ignorado    ,39.0,Masculino
83401972,11/10/2015,RN,427,ACARI,Outras,Colisão frontal,Com Vítimas Fatais ,Plena noite,Ceu Claro,Simples ,Rural ,Camioneta,Ignorado    ,-1.0,Feminino
83401972,11/10/2015,RN,427,ACARI,Outras,Colisão frontal,Com Vítimas Fatais ,Plena noite,Ceu Claro,Simples ,Rural ,Camioneta,Ignorado    ,-1.0,Feminino
83401978,09/10/2015,RN,304,ANGICOS,Outras,Queda de motocicleta / bicicleta / veículo,Com Vítimas Fatais ,Plena noite,Ignorada,Simples ,Rural ,Motocicletas,Morto       ,33.0,Masculino
83401989,11/10/2015,RN,427,CAICO,Animais na Pista,Atropelamento de animal,Com Vítimas Feridas,Plena noite,Ceu Claro,Simples ,Urbano,Motocicletas,Ferido Grave,48.0,Masculino
83402004,11/10/2015,RN,304,MOSSORO,Não guardar distância de segurança,Colisão traseira,Sem Vítimas        ,Pleno dia,Ceu Claro,Simples ,Urbano,Automóvel,Ileso       ,34.0,Masculino
83402004,11/10/2015,RN,304,MOSSORO,Não guardar distância de segurança,Colisão traseira,Sem Vítimas        ,Pleno dia,Ceu Claro,Simples ,Urbano,Automóvel,Ileso       ,56.0,Masculino
83402005,12/10/2015,RN,304,MOSSORO,Ingestão de álcool,Colisão traseira,Com Vítimas Feridas,Plena noite,Ceu Claro,Dupla   ,Urbano,Automóvel,Ferido Leve ,26.0,Masculino
83402005,12/10/2015,RN,304,MOSSORO,Ingestão de álcool,Colisão traseira,Com Vítimas Feridas,Plena noite,Ceu Claro,Dupla   ,Urbano,Automóvel,Ignorado    ,-1.0,Inválido
83402047,05/10/2015,RN,226,BOM JESUS,Ultrapassagem indevida,Colisão frontal,Com Vítimas Feridas,Plena noite,Ceu Claro,Simples ,Rural ,Automóvel,Ferido Leve ,64.0,Masculino
83402047,05/10/2015,RN,226,BOM JESUS,Ultrapassagem indevida,Colisão frontal,Com Vítimas Feridas,Plena noite,Ceu Claro,Simples ,Rural ,Automóvel,Ferido Leve ,-1.0,Feminino
83402047,05/10/2015,RN,226,BOM JESUS,Ultrapassagem indevida,Colisão frontal,Com Vítimas Feridas,Plena noite,Ceu Claro,Simples ,Rural ,Caminhonete,Ferido Grave,-1.0,Masculino
83402070,12/10/2015,RN,304,ANGICOS,Outras,Colisão com objeto fixo,Com Vítimas Feridas,Amanhecer,Ceu Claro,Simples ,Rural ,Motocicletas,Ferido Grave,36.0,Masculino
83402076,04/10/2015,RN,101,PARNAMIRIM,Desobediência à sinalização,Colisão Transversal,Sem Vítimas        ,Pleno dia,Ceu Claro,Múltipla,Urbano,Automóvel,Ileso       ,35.0,Masculino
83402076,04/10/2015,RN,101,PARNAMIRIM,Desobediência à sinalização,Colisão Transversal,Sem Vítimas        ,Pleno dia,Ceu Claro,Múltipla,Urbano,Motoneta,Ignorado    ,-1.0,Inválido
83402085,12/10/2015,RN,101,EXTREMOZ,Outras,Colisão traseira,Sem Vítimas        ,Plena noite,Ceu Claro,Simples ,Rural ,Automóvel,Ileso       ,32.0,Masculino
83402085,12/10/2015,RN,101,EXTREMOZ,Outras,Colisão traseira,Sem Vítimas        ,Plena noite,Ceu Claro,Simples ,Rural ,Automóvel,Ileso       ,56.0,Masculino
83402204,12/10/2015,RN,110,MOSSORO,Ingestão de álcool,Colisão Transversal,Com Vítimas Feridas,Pleno dia,Ceu Claro,Dupla   ,Urbano,Automóvel,Ileso       ,28.0,Masculino
83402204,12/10/2015,RN,110,MOSSORO,Ingestão de álcool,Colisão Transversal,Com Vítimas Feridas,Pleno dia,Ceu Claro,Dupla   ,Urbano,Ciclomotor,Ferido Grave,52.0,Masculino
83402289,12/10/2015,RN,110,AREIA BRANCA,Outras,Atropelamento de pessoa,Com Vítimas Feridas,Plena noite,Ceu Claro,Simples ,Rural ,Motocicletas,Ferido Leve ,42.0,Masculino
83402289,12/10/2015,RN,110,AREIA BRANCA,Outras,Atropelamento de pessoa,Com Vítimas Feridas,Plena noite,Ceu Claro,Simples ,Rural ,(null),Ferido Leve ,-1.0,Feminino
83402337,12/10/2015,RN,405,APODI,Outras,Colisão traseira,Com Vítimas Feridas,Anoitecer,Ceu Claro,Simples ,Rural ,Motocicletas,Ferido Leve ,18.0,Masculino
83402337,12/10/2015,RN,405,APODI,Outras,Colisão traseira,Com Vítimas Feridas,Anoitecer,Ceu Claro,Simples ,Rural ,Motocicletas,Ferido Grave,46.0,Masculino
83402337,12/10/2015,RN,405,APODI,Outras,Colisão traseira,Com Vítimas Feridas,Anoitecer,Ceu Claro,Simples ,Rural ,Motocicletas,Ferido Leve ,44.0,Masculino
83402337,12/10/2015,RN,405,APODI,Outras,Colisão traseira,Com Vítimas Feridas,Anoitecer,Ceu Claro,Simples ,Rural ,Motocicletas,Ferido Leve ,-1.0,Masculino
83402345,12/10/2015,RN,427,ACARI,Outras,Colisão lateral,Com Vítimas Feridas,Plena noite,Ceu Claro,Simples ,Rural ,Automóvel,Ileso       ,30.0,Masculino
83402345,12/10/2015,RN,427,ACARI,Outras,Colisão lateral,Com Vítimas Feridas,Plena noite,Ceu Claro,Simples ,Rural ,Motocicletas,Ferido Grave,-1.0,Masculino
83402445,09/10/2015,RN,226,CURRAIS NOVOS,Não guardar distância de segurança,Colisão traseira,Com Vítimas Feridas,Plena noite,Ceu Claro,Simples ,Rural ,Ônibus,Ileso       ,22.0,Masculino
83402445,09/10/2015,RN,226,CURRAIS NOVOS,Não guardar distância de segurança,Colisão traseira,Com Vítimas Feridas,Plena noite,Ceu Claro,Simples ,Rural ,Ônibus,Ileso       ,44.0,Masculino
83402445,09/10/2015,RN,226,CURRAIS NOVOS,Não guardar distância de segurança,Colisão traseira,Com Vítimas Feridas,Plena noite,Ceu Claro,Simples ,Rural ,Ônibus,Ferido Leve ,-1.0,Masculino
83402445,09/10/2015,RN,226,CURRAIS NOVOS,Não guardar distância de segurança,Colisão traseira,Com Vítimas Feridas,Plena noite,Ceu Claro,Simples ,Rural ,Ônibus,Ferido Leve ,-1.0,Masculino
83402445,09/10/2015,RN,226,CURRAIS NOVOS,Não guardar distância de segurança,Colisão traseira,Com Vítimas Feridas,Plena noite,Ceu Claro,Simples ,Rural ,Ônibus,Ferido Leve ,-1.0,Feminino
83402445,09/10/2015,RN,226,CURRAIS NOVOS,Não guardar distância de segurança,Colisão traseira,Com Vítimas Feridas,Plena noite,Ceu Claro,Simples ,Rural ,Ônibus,Ferido Leve ,-1.0,Feminino
83402445,09/10/2015,RN,226,CURRAIS NOVOS,Não guardar distância de segurança,Colisão traseira,Com Vítimas Feridas,Plena noite,Ceu Claro,Simples ,Rural ,Caminhão,Ignorado    ,-1.0,Inválido
83402452,13/10/2015,RN,427,JARDIM DO SERIDO,Outras,Queda de motocicleta / bicicleta / veículo,Com Vítimas Feridas,Plena noite,Ceu Claro,Simples ,Rural ,Motoneta,Ferido Leve ,-1.0,Masculino
83402520,09/10/2015,RN,304,ASSU,Outras,Colisão frontal,Com Vítimas Fatais ,Plena noite,Ceu Claro,Simples ,Urbano,Caminhonete,Morto       ,50.0,Masculino
83402520,09/10/2015,RN,304,ASSU,Outras,Colisão frontal,Com Vítimas Fatais ,Plena noite,Ceu Claro,Simples ,Urbano,Caminhão,Ignorado    ,-1.0,Inválido
83402539,30/08/2015,RN,406,SAO GONCALO DO AMARANTE,Outras,Colisão lateral,Com Vítimas Feridas,Pleno dia,Sol,Simples ,Rural ,Motoneta,Ferido Leve ,29.0,Feminino
83402539,30/08/2015,RN,406,SAO GONCALO DO AMARANTE,Outras,Colisão lateral,Com Vítimas Feridas,Pleno dia,Sol,Simples ,Rural ,Automóvel,Ileso       ,64.0,Masculino
83402615,13/10/2015,RN,405,MOSSORO,Desobediência à sinalização,Colisão Transversal,Com Vítimas Feridas,Pleno dia,Ceu Claro,Dupla   ,Urbano,Motoneta,Ileso       ,61.0,Masculino
83402615,13/10/2015,RN,405,MOSSORO,Desobediência à sinalização,Colisão Transversal,Com Vítimas Feridas,Pleno dia,Ceu Claro,Dupla   ,Urbano,Motocicletas,Ferido Leve ,50.0,Masculino
83402615,13/10/2015,RN,405,MOSSORO,Desobediência à sinalização,Colisão Transversal,Com Vítimas Feridas,Pleno dia,Ceu Claro,Dupla   ,Urbano,Motocicletas,Ferido Leve ,23.0,Feminino
83402647,10/10/2015,RN,226,PATU,Ingestão de álcool,Saída de Pista,Com Vítimas Fatais ,Amanhecer,Ceu Claro,Simples ,Rural ,Motocicletas,Ferido Grave,-1.0,Masculino
83402647,10/10/2015,RN,226,PATU,Ingestão de álcool,Saída de Pista,Com Vítimas Fatais ,Amanhecer,Ceu Claro,Simples ,Rural ,Motocicletas,Morto       ,17.0,Feminino
83402647,10/10/2015,RN,226,PATU,Ingestão de álcool,Saída de Pista,Com Vítimas Fatais ,Amanhecer,Ceu Claro,Simples ,Rural ,Motocicletas,Ferido Leve ,17.0,Masculino
83402652,13/10/2015,RN,101,MAXARANGUAPE,Animais na Pista,Atropelamento de animal,Sem Vítimas        ,Anoitecer,Ceu Claro,Simples ,Urbano,Automóvel,Ileso       ,38.0,Masculino
83402684,13/10/2015,RN,226,MACAIBA,Ingestão de álcool,Colisão Transversal,Sem Vítimas        ,Plena noite,Nublado,Simples ,Rural ,Caminhonete,Ileso       ,59.0,Masculino
83402684,13/10/2015,RN,226,MACAIBA,Ingestão de álcool,Colisão Transversal,Sem Vítimas        ,Plena noite,Nublado,Simples ,Rural ,Automóvel,Ileso       ,49.0,Masculino
83402744,10/10/2015,RN,101,NATAL,Ingestão de álcool,Colisão lateral,Sem Vítimas        ,Pleno dia,Sol,Dupla   ,Urbano,Automóvel,Ileso       ,66.0,Masculino
83402744,10/10/2015,RN,101,NATAL,Ingestão de álcool,Colisão lateral,Sem Vítimas        ,Pleno dia,Sol,Dupla   ,Urbano,Automóvel,Ignorado    ,66.0,Masculino
83402853,14/10/2015,RN,304,MOSSORO,Falta de atenção,Colisão Transversal,Com Vítimas Feridas,Pleno dia,Ceu Claro,Dupla   ,Urbano,Ciclomotor,Ferido Leve ,25.0,Masculino
83402853,14/10/2015,RN,304,MOSSORO,Falta de atenção,Colisão Transversal,Com Vítimas Feridas,Pleno dia,Ceu Claro,Dupla   ,Urbano,Motocicletas,Ferido Leve ,34.0,Masculino
83402856,10/08/2015,RN,110,AREIA BRANCA,Animais na Pista,Atropelamento de animal,Com Vítimas Feridas,Plena noite,Ignorada,Simples ,Rural ,Motocicletas,Ferido Grave,22.0,Masculino
83402918,13/10/2015,RN,101,PARNAMIRIM,Falta de atenção,Colisão lateral,Com Vítimas Feridas,Anoitecer,Ceu Claro,Múltipla,Urbano,Utilitário,Ileso       ,46.0,Masculino
83402918,13/10/2015,RN,101,PARNAMIRIM,Falta de atenção,Colisão lateral,Com Vítimas Feridas,Anoitecer,Ceu Claro,Múltipla,Urbano,Motocicletas,Ferido Leve ,29.0,Masculino
83402950,14/10/2015,RN,110,MOSSORO,Outras,Queda de motocicleta / bicicleta / veículo,Com Vítimas Feridas,Plena noite,(null),Dupla   ,Urbano,Motocicletas,Ferido Grave,47.0,Masculino
83402950,14/10/2015,RN,110,MOSSORO,Outras,Queda de motocicleta / bicicleta / veículo,Com Vítimas Feridas,Plena noite,(null),Dupla   ,Urbano,Motocicletas,Ferido Grave,38.0,Masculino
83403006,14/10/2015,RN,101,SAO JOSE DE MIPIBU,Falta de atenção,Colisão traseira,Com Vítimas Feridas,Pleno dia,Ceu Claro,Múltipla,Urbano,Bicicleta,Ferido Grave,30.0,Masculino
83403006,14/10/2015,RN,101,SAO JOSE DE MIPIBU,Falta de atenção,Colisão traseira,Com Vítimas Feridas,Pleno dia,Ceu Claro,Múltipla,Urbano,Motocicletas,Ferido Leve ,33.0,Feminino
83403006,14/10/2015,RN,101,SAO JOSE DE MIPIBU,Falta de atenção,Colisão traseira,Com Vítimas Feridas,Pleno dia,Ceu Claro,Múltipla,Urbano,Motocicletas,Ileso       ,-1.0,Masculino
83403101,24/09/2015,RN,405,MOSSORO,Desobediência à sinalização,Colisão Transversal,Com Vítimas Feridas,Pleno dia,Sol,Simples ,Urbano,Automóvel,Ileso       ,48.0,Masculino
83403101,24/09/2015,RN,405,MOSSORO,Desobediência à sinalização,Colisão Transversal,Com Vítimas Feridas,Pleno dia,Sol,Simples ,Urbano,Motocicletas,Ferido Leve ,27.0,Masculino
83403391,16/10/2015,RN,101,GOIANINHA,Dormindo,Tombamento,Sem Vítimas        ,Amanhecer,Ceu Claro,Dupla   ,Rural ,Caminhão,Ileso       ,38.0,Masculino
83403450,13/10/2015,RN,101,NATAL,Outras,Colisão traseira,Sem Vítimas        ,Pleno dia,Sol,Dupla   ,Urbano,Automóvel,Ileso       ,57.0,Feminino
83403450,13/10/2015,RN,101,NATAL,Outras,Colisão traseira,Sem Vítimas        ,Pleno dia,Sol,Dupla   ,Urbano,Caminhão-Trator,Ileso       ,27.0,Masculino
83403488,16/10/2015,RN,406,CEARA-MIRIM,Falta de atenção,Colisão Transversal,Sem Vítimas        ,Plena noite,Ceu Claro,Simples ,Rural ,Automóvel,Ileso       ,63.0,Masculino
83403488,16/10/2015,RN,406,CEARA-MIRIM,Falta de atenção,Colisão Transversal,Sem Vítimas        ,Plena noite,Ceu Claro,Simples ,Rural ,Automóvel,Ileso       ,42.0,Masculino