id,data_inversa,uf,br,municipio,causa_acidente,tipo_acidente,classificacao_acidente,fase_dia,condicao_metereologica,tipo_pista,uso_solo,tipo_veiculo,estado_fisico,idade,sexo
83421096,18/12/2015,RN,406,CEARA-MIRIM,Falta de atenção,Colisão traseira,Com Vítimas Feridas,Plena noite,Ceu Claro,Simples ,Urbano,Caminhão,Ileso       ,25.0,Masculino
83421096,18/12/2015,RN,406,CEARA-MIRIM,Falta de atenção,Colisão traseira,Com Vítimas Feridas,Plena noite,Ceu Claro,Simples ,Urbano,Automóvel,Ferido Grave,57.0,Masculino
83421096,18/12/2015,RN,406,CEARA-MIRIM,Falta de atenção,Colisão traseira,Com Vítimas Feridas,Plena noite,Ceu Claro,Simples ,Urbano,Automóvel,Ferido Leve ,-1.0,Feminino
83421174,18/12/2015,RN,304,ANGICOS,Falta de atenção,Colisão lateral,Com Vítimas Fatais ,Pleno dia,Ceu Claro,Simples ,Rural ,Caminhão-Trator,Ileso       ,38.0,Masculino
83421174,18/12/2015,RN,304,ANGICOS,Falta de atenção,Colisão lateral,Com Vítimas Fatais ,Pleno dia,Ceu Claro,Simples ,Rural ,Motocicletas,Morto       ,64.0,Masculino
83421221,13/12/2015,RN,101,NATAL,Falta de atenção,Colisão Transversal,Com Vítimas Feridas,Pleno dia,Ceu Claro,Múltipla,Urbano,Automóvel,Ileso       ,83.0,Masculino
83421221,13/12/2015,RN,101,NATAL,Falta de atenção,Colisão Transversal,Com Vítimas Feridas,Pleno dia,Ceu Claro,Múltipla,Urbano,Ônibus,Ileso       ,33.0,Masculino
83421221,13/12/2015,RN,101,NATAL,Falta de atenção,Colisão Transversal,Com Vítimas Feridas,Pleno dia,Ceu Claro,Múltipla,Urbano,Automóvel,Ferido Leve ,3.0,Masculino
83421253,18/12/2015,RN,405,MOSSORO,Outras,Colisão traseira,Com Vítimas Feridas,Pleno dia,Ceu Claro,Simples ,Urbano,Ciclomotor,Ferido Grave,38.0,Masculino
83421253,18/12/2015,RN,405,MOSSORO,Outras,Colisão traseira,Com Vítimas Feridas,Pleno dia,Ceu Claro,Simples ,Urbano,Ciclomotor,Ferido Leve ,42.0,Masculino
83421253,18/12/2015,RN,405,MOSSORO,Outras,Colisão traseira,Com Vítimas Feridas,Pleno dia,Ceu Claro,Simples ,Urbano,Automóvel,Ignorado    ,-1.0,Inválido
83421287,19/12/2015,RN,110,MOSSORO,Outras,Colisão traseira,Com Vítimas Feridas,Plena noite,Ceu Claro,Dupla   ,Urbano,Ciclomotor,Ferido Leve ,25.0,Masculino
83421287,19/12/2015,RN,110,MOSSORO,Outras,Colisão traseira,Com Vítimas Feridas,Plena noite,Ceu Claro,Dupla   ,Urbano,Automóvel,Ignorado    ,-1.0,Inválido
83421287,19/12/2015,RN,110,MOSSORO,Outras,Colisão traseira,Com Vítimas Feridas,Plena noite,Ceu Claro,Dupla   ,Urbano,Ciclomotor,Ferido Leve ,34.0,Feminino
83421317,19/12/2015,RN,101,SAO JOSE DE MIPIBU,Outras,Capotamento,Com Vítimas Feridas,Amanhecer,Nublado,Múltipla,Rural ,Camioneta,Ferido Leve ,-1.0,Masculino
83421503,19/12/2015,RN,101,NATAL,Velocidade incompatível,Colisão traseira,Sem Vítimas        ,Pleno dia,Ceu Claro,Dupla   ,Urbano,Automóvel,Ileso       ,-1.0,Masculino
83421503,19/12/2015,RN,101,NATAL,Velocidade incompatível,Colisão traseira,Sem Vítimas        ,Pleno dia,Ceu Claro,Dupla   ,Urbano,Automóvel,Ileso       ,23.0,Feminino
83421503,19/12/2015,RN,101,NATAL,Velocidade incompatível,Colisão traseira,Sem Vítimas        ,Pleno dia,Ceu Claro,Dupla   ,Urbano,Camioneta,Ileso       ,49.0,Feminino
83421595,19/12/2015,RN,406,SAO GONCALO DO AMARANTE,Outras,Colisão lateral,Com Vítimas Feridas,Plena noite,Ceu Claro,Simples ,Rural ,Motocicletas,Ferido Grave,46.0,Masculino
83421595,19/12/2015,RN,406,SAO GONCALO DO AMARANTE,Outras,Colisão lateral,Com Vítimas Feridas,Plena noite,Ceu Claro,Simples ,Rural ,Motocicletas,Ferido Grave,-1.0,Masculino
83421595,19/12/2015,RN,406,SAO GONCALO DO AMARANTE,Outras,Colisão lateral,Com Vítimas Feridas,Plena noite,Ceu Claro,Simples ,Rural ,Ônibus,Ileso       ,36.0,Masculino
83421931,20/12/2015,RN,304,MOSSORO,Ingestão de álcool,Capotamento,Com Vítimas Feridas,Plena noite,Ceu Claro,Simples ,Rural ,Automóvel,Ferido Leve ,26.0,Masculino
83421931,20/12/2015,RN,304,MOSSORO,Ingestão de álcool,Capotamento,Com Vítimas Feridas,Plena noite,Ceu Claro,Simples ,Rural ,Automóvel,Ferido Leve ,-1.0,Masculino
83421979,20/12/2015,RN,226,NATAL,Desobediência à sinalização,Colisão frontal,Com Vítimas Fatais ,Anoitecer,Ceu Claro,Simples ,Urbano,Ônibus,Ileso       ,45.0,Masculino
83421979,20/12/2015,RN,226,NATAL,Desobediência à sinalização,Colisão frontal,Com Vítimas Fatais ,Anoitecer,Ceu Claro,Simples ,Urbano,Motocicletas,Morto       ,36.0,Masculino
83422109,21/12/2015,RN,110,MOSSORO,Falta de atenção,Colisão Transversal,Com Vítimas Feridas,Pleno dia,Ceu Claro,Simples ,Urbano,Ciclomotor,Ferido Leve ,63.0,Masculino
83422109,21/12/2015,RN,110,MOSSORO,Falta de atenção,Colisão Transversal,Com Vítimas Feridas,Pleno dia,Ceu Claro,Simples ,Urbano,Automóvel,Ileso       ,24.0,Feminino
83422109,21/12/2015,RN,110,MOSSORO,Falta de atenção,Colisão Transversal,Com Vítimas Feridas,Pleno dia,Ceu Claro,Simples ,Urbano,Ciclomotor,Ferido Leve ,29.0,Feminino
83422142,19/12/2015,RN,304,MOSSORO,Outras,Queda de motocicleta / bicicleta / veículo,Com Vítimas Feridas,Pleno dia,Ceu Claro,Simples ,Rural ,Motoneta,Ileso       ,23.0,Masculino
83422142,19/12/2015,RN,304,MOSSORO,Outras,Queda de motocicleta / bicicleta / veículo,Com Vítimas Feridas,Pleno dia,Ceu Claro,Simples ,Rural ,Motoneta,Ferido Leve ,21.0,Feminino
83422211,21/12/2015,RN,304,MOSSORO,Outras,Colisão com bicicleta,Com Vítimas Feridas,Pleno dia,Sol,Dupla   ,Urbano,Motocicletas,Ferido Leve ,28.0,Masculino
83422211,21/12/2015,RN,304,MOSSORO,Outras,Colisão com bicicleta,Com Vítimas Feridas,Pleno dia,Sol,Dupla   ,Urbano,Motocicletas,Ferido Leve ,22.0,Masculino
83422211,21/12/2015,RN,304,MOSSORO,Outras,Colisão com bicicleta,Com Vítimas Feridas,Pleno dia,Sol,Dupla   ,Urbano,Bicicleta,Ferido Leve ,24.0,Masculino
83422252,21/12/2015,RN,406,SAO GONCALO DO AMARANTE,Falta de atenção,Colisão lateral,Com Vítimas Feridas,Plena noite,Ceu Claro,Dupla   ,Urbano,Automóvel,Ileso       ,53.0,Masculino
83422252,21/12/2015,RN,406,SAO GONCALO DO AMARANTE,Falta de atenção,Colisão lateral,Com Vítimas Feridas,Plena noite,Ceu Claro,Dupla   ,Urbano,Motocicletas,Ferido Leve ,39.0,Masculino
83422252,21/12/2015,RN,406,SAO GONCALO DO AMARANTE,Falta de atenção,Colisão lateral,Com Vítimas Feridas,Plena noite,Ceu Claro,Dupla   ,Urbano,Motocicletas,Ferido Leve ,38.0,Feminino
83422424,18/12/2015,RN,101,SAO JOSE DE MIPIBU,Outras,Colisão lateral,Com Vítimas Fatais ,Pleno dia,Ceu Claro,Dupla   ,Urbano,Caminhão,Ignorado    ,-1.0,Inválido
83422424,18/12/2015,RN,101,SAO JOSE DE MIPIBU,Outras,Colisão lateral,Com Vítimas Fatais ,Pleno dia,Ceu Claro,Dupla   ,Urbano,Caminhonete,Ferido Grave,42.0,Masculino
83422424,18/12/2015,RN,101,SAO JOSE DE MIPIBU,Outras,Colisão lateral,Com Vítimas Fatais ,Pleno dia,Ceu Claro,Dupla   ,Urbano,Motocicletas,Ileso       ,52.0,Masculino
83422424,18/12/2015,RN,101,SAO JOSE DE MIPIBU,Outras,Colisão lateral,Com Vítimas Fatais ,Pleno dia,Ceu Claro,Dupla   ,Urbano,Automóvel,Ferido Leve ,53.0,Masculino
83422424,18/12/2015,RN,101,SAO JOSE DE MIPIBU,Outras,Colisão lateral,Com Vítimas Fatais ,Pleno dia,Ceu Claro,Dupla   ,Urbano,Automóvel,Ferido Leve ,11.0,Feminino
83422424,18/12/2015,RN,101,SAO JOSE DE MIPIBU,Outras,Colisão lateral,Com Vítimas Fatais ,Pleno dia,Ceu Claro,Dupla   ,Urbano,Automóvel,Ferido Leve ,43.0,Masculino
83422424,18/12/2015,RN,101,SAO JOSE DE MIPIBU,Outras,Colisão lateral,Com Vítimas Fatais ,Pleno dia,Ceu Claro,Dupla   ,Urbano,Motocicletas,Morto       ,31.0,Masculino
83422596,22/12/2015,RN,405,MOSSORO,Outras,Capotamento,Com Vítimas Feridas,Plena noite,Ceu Claro,Simples ,Rural ,Automóvel,Ferido Leve ,48.0,Masculino
83422596,22/12/2015,RN,405,MOSSORO,Outras,Capotamento,Com Vítimas Feridas,Plena noite,Ceu Claro,Simples ,Rural ,Automóvel,Ileso       ,24.0,Masculino
83422596,22/12/2015,RN,405,MOSSORO,Outras,Capotamento,Com Vítimas Feridas,Plena noite,Ceu Claro,Simples ,Rural ,Automóvel,Ileso       ,18.0,Masculino
83422596,22/12/2015,RN,405,MOSSORO,Outras,Capotamento,Com Vítimas Feridas,Plena noite,Ceu Claro,Simples ,Rural ,Automóvel,Ileso       ,24.0,Feminino
83422596,22/12/2015,RN,405,MOSSORO,Outras,Capotamento,Com Vítimas Feridas,Plena noite,Ceu Claro,Simples ,Rural ,Automóvel,Ferido Leve ,23.0,Masculino
83422610,22/12/2015,RN,101,PARNAMIRIM,Falta de atenção,Colisão lateral,Sem Vítimas        ,Pleno dia,Ceu Claro,Múltipla,Urbano,Caminhão,Ileso       ,35.0,Masculino
83422610,22/12/2015,RN,101,PARNAMIRIM,Falta de atenção,Colisão lateral,Sem Vítimas        ,Pleno dia,Ceu Claro,Múltipla,Urbano,Automóvel,Ileso       ,30.0,Masculino
83422697,22/12/2015,RN,110,AREIA BRANCA,Ingestão de álcool,Colisão traseira,Com Vítimas Feridas,Pleno dia,Ceu Claro,Simples ,Rural ,Caminhão,Ileso       ,59.0,Masculino
83422697,22/12/2015,RN,110,AREIA BRANCA,Ingestão de álcool,Colisão traseira,Com Vítimas Feridas,Pleno dia,Ceu Claro,Simples ,Rural ,Caminhão-Trator,Ferido Grave,41.0,Masculino
83422701,20/12/2015,RN,406,GUAMARE,Animais na Pista,Colisão frontal,Com Vítimas Feridas,Plena noite,Vento,Simples ,Urbano,Automóvel,Ileso       ,23.0,Masculino
83422701,20/12/2015,RN,406,GUAMARE,Animais na Pista,Colisão frontal,Com Vítimas Feridas,Plena noite,Vento,Simples ,Urbano,Automóvel,Ferido Leve ,47.0,Masculino
83422926,23/12/2015,RN,101,NATAL,Falta de atenção,Atropelamento de pessoa,Com Vítimas Feridas,Pleno dia,Sol,Dupla   ,Urbano,Automóvel,Ileso       ,33.0,Masculino
83422926,23/12/2015,RN,101,NATAL,Falta de atenção,Atropelamento de pessoa,Com Vítimas Feridas,Pleno dia,Sol,Dupla   ,Urbano,(null),Ferido Grave,43.0,Masculino
83422999,19/12/2015,RN,427,ACARI,Outras,Colisão frontal,Com Vítimas Fatais ,Plena noite,Ceu Claro,Simples ,Rural ,Motocicletas,Morto       ,49.0,Masculino
83422999,19/12/2015,RN,427,ACARI,Outras,Colisão frontal,Com Vítimas Fatais ,Plena noite,Ceu Claro,Simples ,Rural ,Automóvel,Ferido Leve ,27.0,Masculino
83423081,23/12/2015,RN,304,ASSU,Outras,Saída de Pista,Com Vítimas Feridas,Anoitecer,Ceu Claro,Simples ,Urbano,Caminhão,Ileso       ,-1.0,Inválido
83423081,23/12/2015,RN,304,ASSU,Outras,Saída de Pista,Com Vítimas Feridas,Anoitecer,Ceu Claro,Simples ,Urbano,Automóvel,Ferido Leve ,33.0,Feminino
83423081,23/12/2015,RN,304,ASSU,Outras,Saída de Pista,Com Vítimas Feridas,Anoitecer,Ceu Claro,Simples ,Urbano,Automóvel,Ileso       ,64.0,Feminino
83423168,05/12/2015,RN,406,MACAU,Dormindo,Atropelamento de pessoa,Com Vítimas Fatais ,Plena noite,Ceu Claro,Simples ,Rural ,Não identificado,Ignorado    ,-1.0,Inválido
83423168,05/12/2015,RN,406,MACAU,Dormindo,Atropelamento de pessoa,Com Vítimas Fatais ,Plena noite,Ceu Claro,Simples ,Rural ,(null),Morto       ,-1.0,Masculino
83423193,20/12/2015,RN,101,PARNAMIRIM,Falta de atenção,Colisão lateral,Com Vítimas Feridas,Pleno dia,Ceu Claro,Dupla   ,Urbano,Automóvel,Ileso       ,54.0,Feminino
83423193,20/12/2015,RN,101,PARNAMIRIM,Falta de atenção,Colisão lateral,Com Vítimas Feridas,Pleno dia,Ceu Claro,Dupla   ,Urbano,Motocicletas,Ferido Grave,21.0,Masculino
83423248,22/12/2015,RN,304,MOSSORO,Falta de atenção,Colisão Transversal,Com Vítimas Fatais ,Pleno dia,Sol,Dupla   ,Urbano,Automóvel,Ileso       ,36.0,Masculino
83423248,22/12/2015,RN,304,MOSSORO,Falta de atenção,Colisão Transversal,Com Vítimas Fatais ,Pleno dia,Sol,Dupla   ,Urbano,Automóvel,Ileso       ,24.0,Masculino
83423248,22/12/2015,RN,304,MOSSORO,Falta de atenção,Colisão Transversal,Com Vítimas Fatais ,Pleno dia,Sol,Dupla   ,Urbano,Automóvel,Ileso       ,0.0,Feminino
83423248,22/12/2015,RN,304,MOSSORO,Falta de atenção,Colisão Transversal,Com Vítimas Fatais ,Pleno dia,Sol,Dupla   ,Urbano,Automóvel,Ileso       ,23.0,Feminino
83423248,22/12/2015,RN,304,MOSSORO,Falta de atenção,Colisão Transversal,Com Vítimas Fatais ,Pleno dia,Sol,Dupla   ,Urbano,Automóvel,Ileso       ,27.0,Feminino
83423248,22/12/2015,RN,304,MOSSORO,Falta de atenção,Colisão Transversal,Com Vítimas Fatais ,Pleno dia,Sol,Dupla   ,Urbano,Ciclomotor,Morto       ,42.0,Feminino
83423289,24/12/2015,RN,101,NATAL,Falta de atenção,Colisão traseira,Com Vítimas Feridas,Pleno dia,Nublado,Dupla   ,Urbano,Motocicletas,Ferido Leve ,21.0,Masculino
83423289,24/12/2015,RN,101,NATAL,Falta de atenção,Colisão traseira,Com Vítimas Feridas,Pleno dia,Nublado,Dupla   ,Urbano,Ônibus,Ileso       ,30.0,Masculino
83423336,21/12/2015,RN,101,PARNAMIRIM,Desobediência à sinalização,Colisão lateral,Com Vítimas Feridas,Plena noite,Ceu Claro,Dupla   ,Urbano,Automóvel,Ileso       ,34.0,Masculino
83423336,21/12/2015,RN,101,PARNAMIRIM,Desobediência à sinalização,Colisão lateral,Com Vítimas Feridas,Plena noite,Ceu Claro,Dupla   ,Urbano,Motocicletas,Ferido Grave,30.0,Masculino
83423337,22/12/2015,RN,405,GOVERNADOR DIX-SEPT ROSADO,Falta de atenção,Colisão com bicicleta,Com Vítimas Fatais ,Plena noite,Ceu Claro,Simples ,Rural ,Bicicleta,Morto       ,13.0,Masculino
83423337,22/12/2015,RN,405,GOVERNADOR DIX-SEPT ROSADO,Falta de atenção,Colisão com bicicleta,Com Vítimas Fatais ,Plena noite,Ceu Claro,Simples ,Rural ,Caminhão,Ileso       ,34.0,Masculino
83423352,24/12/2015,RN,101,NATAL,Outras,Colisão traseira,Sem Vítimas        ,Pleno dia,Nublado,Múltipla,Urbano,Automóvel,Ileso       ,24.0,Feminino
83423352,24/12/2015,RN,101,NATAL,Outras,Colisão traseira,Sem Vítimas        ,Pleno dia,Nublado,Múltipla,Urbano,Automóvel,Ileso       ,61.0,Masculino
83423352,24/12/2015,RN,101,NATAL,Outras,Colisão traseira,Sem Vítimas        ,Pleno dia,Nublado,Múltipla,Urbano,Automóvel,Ileso       ,-1.0,Masculino
83423357,22/12/2015,RN,405,RIACHO DE SANTANA,Outras,Colisão com bicicleta,Com Vítimas Fatais ,Plena noite,Ceu Claro,Simples ,Rural ,Caminhão-Trator,Ileso       ,32.0,Masculino
83423357,22/12/2015,RN,405,RIACHO DE SANTANA,Outras,Colisão com bicicleta,Com Vítimas Fatais ,Plena noite,Ceu Claro,Simples ,Rural ,Bicicleta,Morto       ,25.0,Masculino
83423390,24/12/2015,RN,427,CAICO,Falta de atenção,Colisão Transversal,Com Vítimas Feridas,Pleno dia,Nublado,Simples ,Urbano,Caminhonete,Ileso       ,48.0,Masculino
83423390,24/12/2015,RN,427,CAICO,Falta de atenção,Colisão Transversal,Com Vítimas Feridas,Pleno dia,Nublado,Simples ,Urbano,Motocicletas,Ferido Leve ,46.0,Masculino
83423486,24/12/2015,RN,101,PARNAMIRIM,Ingestão de álcool,Colisão Transversal,Com Vítimas Feridas,Plena noite,Nublado,Dupla   ,Urbano,Automóvel,Ferido Leve ,27.0,Masculino
83423486,24/12/2015,RN,101,PARNAMIRIM,Ingestão de álcool,Colisão Transversal,Com Vítimas Feridas,Plena noite,Nublado,Dupla   ,Urbano,Automóvel,Ileso       ,21.0,Masculino
83423669,25/12/2015,RN,406,CEARA-MIRIM,Outras,Colisão Transversal,Com Vítimas Feridas,Pleno dia,Ceu Claro,Simples ,Urbano,Motocicletas,Ferido Grave,42.0,Masculino
83423669,25/12/2015,RN,406,CEARA-MIRIM,Outras,Colisão Transversal,Com Vítimas Feridas,Pleno dia,Ceu Claro,Simples ,Urbano,Automóvel,Ignorado    ,-1.0,Masculino
83423685,21/12/2015,RN,405,APODI,Outras,Colisão traseira,Com Vítimas Feridas,Plena noite,Ceu Claro,Simples ,Rural ,Caminhão,Ignorado    ,-1.0,Inválido
83423685,21/12/2015,RN,405,APODI,Outras,Colisão traseira,Com Vítimas Feridas,Plena noite,Ceu Claro,Simples ,Rural ,Automóvel,Ferido Leve ,49.0,Masculino
83423685,21/12/2015,RN,405,APODI,Outras,Colisão traseira,Com Vítimas Feridas,Plena noite,Ceu Claro,Simples ,Rural ,Caminhonete,Ferido Leve ,22.0,Masculino
83423685,21/12/2015,RN,405,APODI,Outras,Colisão traseira,Com Vítimas Feridas,Plena noite,Ceu Claro,Simples ,Rural ,Automóvel,Ileso       ,49.0,Masculino
83423685,21/12/2015,RN,405,APODI,Outras,Colisão traseira,Com Vítimas Feridas,Plena noite,Ceu Claro,Simples ,Rural ,Automóvel,Ferido Leve ,43.0,Feminino
83423685,21/12/2015,RN,405,APODI,Outras,Colisão traseira,Com Vítimas Feridas,Plena noite,Ceu Claro,Simples ,Rural ,Automóvel,Ferido Leve ,49.0,Feminino
83423775,25/12/2015,RN,101,SAO GONCALO DO AMARANTE,Outras,Colisão lateral,Sem Vítimas        ,Plena noite,Ceu Claro,Dupla   ,Urbano,Caminhonete,Ileso       ,30.0,Masculino
83423775,25/12/2015,RN,101,SAO GONCALO DO AMARANTE,Outras,Colisão lateral,Sem Vítimas        ,Plena noite,Ceu Claro,Dupla   ,Urbano,Automóvel,Ignorado    ,-1.0,Masculino
83423796,25/12/2015,RN,406,SAO GONCALO DO AMARANTE,Outras,Colisão com bicicleta,Com Vítimas Feridas,Plena noite,Ceu Claro,Simples ,Rural ,Bicicleta,Ferido Leve ,-1.0,Masculino
83423796,25/12/2015,RN,406,SAO GONCALO DO AMARANTE,Outras,Colisão com bicicleta,Com Vítimas Feridas,Plena noite,Ceu Claro,Simples ,Rural ,Camioneta,Ignorado    ,-1.0,Inválido
83423851,22/12/2015,RN,406,JOAO CAMARA,Falta de atenção,Colisão lateral,Sem Vítimas        ,Pleno dia,Ceu Claro,Simples ,Rural ,Caminhão-Trator,Ileso       ,45.0,Masculino
83423851,22/12/2015,RN,406,JOAO CAMARA,Falta de atenção,Colisão lateral,Sem Vítimas        ,Pleno dia,Ceu Claro,Simples ,Rural ,Caminhão-Trator,Ileso       ,46.0,Masculino
83423926,26/12/2015,RN,304,ASSU,Outras,Saída de Pista,Ignorado           ,Pleno dia,Sol,Simples ,Rural ,Caminhonete,Ignorado    ,-1.0,Inválido
83423950,26/12/2015,RN,101,SAO JOSE DE MIPIBU,Outras,Capotamento,Com Vítimas Feridas,Pleno dia,Ceu Claro,Dupla   ,Urbano,Caminhão,Ferido Leve ,28.0,Masculino
83423950,26/12/2015,RN,101,SAO JOSE DE MIPIBU,Outras,Capotamento,Com Vítimas Feridas,Pleno dia,Ceu Claro,Dupla   ,Urbano,Caminhão,Ferido Leve ,29.0,Masculino
83423982,26/12/2015,RN,101,NATAL,Outras,Atropelamento de pessoa,Com Vítimas Feridas,Pleno dia,Nublado,Dupla   ,Urbano,Camioneta,Ileso       ,50.0,Feminino
83423982,26/12/2015,RN,101,NATAL,Outras,Atropelamento de pessoa,Com Vítimas Feridas,Pleno dia,Nublado,Dupla   ,Urbano,(null),Ferido Leve ,40.0,Feminino
83424029,21/12/2015,RN,304,MOSSORO,Ingestão de álcool,Saída de Pista,Com Vítimas Feridas,Plena noite,Ceu Claro,Dupla   ,Urbano,Automóvel,Ferido Leve ,30.0,Masculino
83424247,27/12/2015,RN,304,MOSSORO,Outras,Colisão com objeto fixo,Com Vítimas Feridas,Pleno dia,Sol,Dupla   ,Urbano,Motoneta,Ferido Leve ,21.0,Feminino
83424305,23/12/2015,RN,405,APODI,Outras,Saída de Pista,Com Vítimas Feridas,Plena noite,Ceu Claro,Simples ,Rural ,Caminhão-Trator,Ferido Grave,51.0,Masculino
83424435,27/12/2015,RN,101,SAO JOSE DE MIPIBU,Defeito mecânico em veículo,Tombamento,Com Vítimas Feridas,Pleno dia,Sol,Dupla   ,Rural ,Caminhonete,Ferido Leve ,47.0,Masculino
83424435,27/12/2015,RN,101,SAO JOSE DE MIPIBU,Defeito mecânico em veículo,Tombamento,Com Vítimas Feridas,Pleno dia,Sol,Dupla   ,Rural ,Caminhonete,Ferido Leve ,-1.0,Masculino
83424446,27/12/2015,RN,101,GOIANINHA,Animais na Pista,Atropelamento de animal,Com Vítimas Feridas,Plena noite,Ceu Claro,Dupla   ,Urbano,Automóvel,Ferido Grave,-1.0,Masculino
83424446,27/12/2015,RN,101,GOIANINHA,Animais na Pista,Atropelamento de animal,Com Vítimas Feridas,Plena noite,Ceu Claro,Dupla   ,Urbano,Automóvel,Ferido Grave,18.0,Masculino
83424446,27/12/2015,RN,101,GOIANINHA,Animais na Pista,Atropelamento de animal,Com Vítimas Feridas,Plena noite,Ceu Claro,Dupla   ,Urbano,Automóvel,Ferido Leve ,22.0,Masculino
83424446,27/12/2015,RN,101,GOIANINHA,Animais na Pista,Atropelamento de animal,Com Vítimas Feridas,Plena noite,Ceu Claro,Dupla   ,Urbano,Automóvel,Ferido Leve ,16.0,Feminino
83424446,27/12/2015,RN,101,GOIANINHA,Animais na Pista,Atropelamento de animal,Com Vítimas Feridas,Plena noite,Ceu Claro,Dupla   ,Urbano,Automóvel,Ferido Leve ,22.0,Masculino
83424613,24/12/2015,RN,226,SANTA CRUZ,Ingestão de álcool,Colisão traseira,Com Vítimas Feridas,Plena noite,Nublado,Simples ,Urbano,Motocicletas,Ferido Leve ,18.0,Masculino
83424613,24/12/2015,RN,226,SANTA CRUZ,Ingestão de álcool,Colisão traseira,Com Vítimas Feridas,Plena noite,Nublado,Simples ,Urbano,Motoneta,Ferido Grave,44.0,Masculino
83424613,24/12/2015,RN,226,SANTA CRUZ,Ingestão de álcool,Colisão traseira,Com Vítimas Feridas,Plena noite,Nublado,Simples ,Urbano,Motoneta,Ileso       ,12.0,Feminino
83424656,28/12/2015,RN,110,MOSSORO,Defeito na via,Queda de motocicleta / bicicleta / veículo,Com Vítimas Feridas,Pleno dia,Chuva,Simples ,Urbano,Ciclomotor,Ileso       ,54.0,Masculino
83424656,28/12/2015,RN,110,MOSSORO,Defeito na via,Queda de motocicleta / bicicleta / veículo,Com Vítimas Feridas,Pleno dia,Chuva,Simples ,Urbano,Ciclomotor,Ferido Leve ,46.0,Feminino
83425135,28/12/2015,RN,304,ITAJA,Falta de atenção,Colisão Transversal,Com Vítimas Feridas,Pleno dia,Nublado,Simples ,Rural ,Automóvel,Ferido Leve ,18.0,Masculino
83425135,28/12/2015,RN,304,ITAJA,Falta de atenção,Colisão Transversal,Com Vítimas Feridas,Pleno dia,Nublado,Simples ,Rural ,Caminhão,Ileso       ,36.0,Masculino
83425173,23/12/2015,RN,304,MOSSORO,Animais na Pista,Atropelamento de animal,Com Vítimas Feridas,Plena noite,Ceu Claro,Simples ,Rural ,Ciclomotor,Ferido Leve ,34.0,Masculino
83425173,23/12/2015,RN,304,MOSSORO,Animais na Pista,Atropelamento de animal,Com Vítimas Feridas,Plena noite,Ceu Claro,Simples ,Rural ,Ciclomotor,Ferido Leve ,41.0,Feminino
83425174,29/12/2015,RN,101,RIO DO FOGO,Outras,Colisão traseira,Com Vítimas Feridas,Plena noite,Ceu Claro,Simples ,Rural ,Microônibus,Ileso       ,52.0,Masculino
83425174,29/12/2015,RN,101,RIO DO FOGO,Outras,Colisão traseira,Com Vítimas Feridas,Plena noite,Ceu Claro,Simples ,Rural ,Camioneta,Ileso       ,-1.0,Masculino
83425174,29/12/2015,RN,101,RIO DO FOGO,Outras,Colisão traseira,Com Vítimas Feridas,Plena noite,Ceu Claro,Simples ,Rural ,Camioneta,Ferido Leve ,-1.0,Feminino
83425174,29/12/2015,RN,101,RIO DO FOGO,Outras,Colisão traseira,Com Vítimas Feridas,Plena noite,Ceu Claro,Simples ,Rural ,Camioneta,Ileso       ,-1.0,Masculino
83425200,25/12/2015,RN,304,MACAIBA,Ultrapassagem indevida,Colisão lateral,Com Vítimas Feridas,Pleno dia,Nublado,Simples ,Rural ,Automóvel,Ileso       ,62.0,Masculino
83425200,25/12/2015,RN,304,MACAIBA,Ultrapassagem indevida,Colisão lateral,Com Vítimas Feridas,Pleno dia,Nublado,Simples ,Rural ,Motocicletas,Ferido Grave,-1.0,Masculino
83425339,30/12/2015,RN,226,CURRAIS NOVOS,Falta de atenção,Atropelamento de pessoa,Com Vítimas Feridas,Pleno dia,Ceu Claro,Simples ,Urbano,Motocicletas,Ignorado    ,-1.0,Masculino
83425339,30/12/2015,RN,226,CURRAIS NOVOS,Falta de atenção,Atropelamento de pessoa,Com Vítimas Feridas,Pleno dia,Ceu Claro,Simples ,Urbano,(null),Ferido Grave,52.0,Feminino
83425366,30/12/2015,RN,405,FELIPE GUERRA,Falta de atenção,Saída de Pista,Sem Vítimas        ,Pleno dia,Sol,Simples ,Rural ,Trator de rodas,Ileso       ,45.0,Masculino
83425366,30/12/2015,RN,405,FELIPE GUERRA,Falta de atenção,Saída de Pista,Sem Vítimas        ,Pleno dia,Sol,Simples ,Rural ,Caminhão,Ileso       ,41.0,Masculino
83425366,30/12/2015,RN,405,FELIPE GUERRA,Falta de atenção,Saída de Pista,Sem Vítimas        ,Pleno dia,Sol,Simples ,Rural ,Camioneta,Ileso       ,29.0,Masculino
83425426,30/12/2015,RN,405,PAU DOS FERROS,Falta de atenção,Atropelamento de pessoa,Com Vítimas Feridas,Pleno dia,Ceu Claro,Simples ,Urbano,(null),Ferido Leve ,71.0,Masculino
83425426,30/12/2015,RN,405,PAU DOS FERROS,Falta de atenção,Atropelamento de pessoa,Com Vítimas Feridas,Pleno dia,Ceu Claro,Simples ,Urbano,Motocicletas,Ileso       ,51.0,Masculino
83425538,30/12/2015,RN,405,MOSSORO,Falta de atenção,Colisão traseira,Com Vítimas Feridas,Plena noite,Ceu Claro,Simples ,Urbano,Motocicletas,Ferido Grave,24.0,Masculino
83425538,30/12/2015,RN,405,MOSSORO,Falta de atenção,Colisão traseira,Com Vítimas Feridas,Plena noite,Ceu Claro,Simples ,Urbano,Ciclomotor,Ferido Leve ,57.0,Masculino